show_id,show_label,band_id,band_name,performer_name,roles
lftg-1-2006,LFTG 1 (2006),lftg-1-2006-dsi,DSI,Mario Giulione,vocals
lftg-1-2006,LFTG 1 (2006),lftg-1-2006-dsi,DSI,Doug Stein,drums
lftg-1-2006,LFTG 1 (2006),lftg-1-2006-dsi,DSI,Steve,bass
lftg-1-2006,LFTG 1 (2006),lftg-1-2006-papa-so-mean,Papa So Mean,Bill Kreklewetz,guitar
lftg-1-2006,LFTG 1 (2006),lftg-1-2006-papa-so-mean,Papa So Mean,Drew Krip,Bass
lftg-1-2006,LFTG 1 (2006),lftg-1-2006-papa-so-mean,Papa So Mean,Joanne Hannan,vocals
lftg-1-2006,LFTG 1 (2006),lftg-1-2006-papa-so-mean,Papa So Mean,Peter Schmidt,Drums
lftg-1-2006,LFTG 1 (2006),lftg-1-2006-papa-so-mean,Papa So Mean,Rick Collins,lead vocals
lftg-1-2006,LFTG 1 (2006),lftg-1-2006-papa-so-mean,Papa So Mean,Wayne Hemsworth,guitar
lftg-1-2006,LFTG 1 (2006),lftg-1-2006-the-soundwiches,The Soundwiches,Joj Helfer,Drums; Vocals
lftg-1-2006,LFTG 1 (2006),lftg-1-2006-the-soundwiches,The Soundwiches,Nic Perry,Trombone
lftg-1-2006,LFTG 1 (2006),lftg-1-2006-the-soundwiches,The Soundwiches,Sam Gyetvay,Guitar; Vocals
lftg-1-2006,LFTG 1 (2006),lftg-1-2006-the-soundwiches,The Soundwiches,Sam Trowbridge,Trumpet
lftg-1-2006,LFTG 1 (2006),lftg-1-2006-the-soundwiches,The Soundwiches,Zander Smith,Bass
lftg-1-2006,LFTG 1 (2006),lftg-1-2006-warped-verdict,Warped Verdict,Chloe Soldevila,keyboards and back up vocals
lftg-1-2006,LFTG 1 (2006),lftg-1-2006-warped-verdict,Warped Verdict,Jordy Soldevila,guitar
lftg-1-2006,LFTG 1 (2006),lftg-1-2006-warped-verdict,Warped Verdict,Laura Holden,bass
lftg-1-2006,LFTG 1 (2006),lftg-1-2006-warped-verdict,Warped Verdict,Ryan Luxenberg,guitar
lftg-1-2006,LFTG 1 (2006),lftg-1-2006-warped-verdict,Warped Verdict,Sophie Doyle,lead vocals
lftg-1-2006,LFTG 1 (2006),lftg-1-2006-warped-verdict,Warped Verdict,William Gaucher,drums
lftg-2-2006,LFTG 2 (2006),lftg-2-2006-strikes-twelve,Strikes Twelve,Katie Simco,bass; guitar
lftg-2-2006,LFTG 2 (2006),lftg-2-2006-strikes-twelve,Strikes Twelve,Phil Vennat,drums
lftg-2-2006,LFTG 2 (2006),lftg-2-2006-strikes-twelve,Strikes Twelve,Saskia Gaucher,lead vocals
lftg-2-2006,LFTG 2 (2006),lftg-2-2006-strikes-twelve,Strikes Twelve,Vanessa Salvo,bass; guitar
lftg-2-2006,LFTG 2 (2006),lftg-2-2006-strikes-twelve,Strikes Twelve,Vincent Freeman,bass; guitar
lftg-2-2006,LFTG 2 (2006),lftg-2-2006-the-soundwiches,The Soundwiches,Fish,saxophone
lftg-2-2006,LFTG 2 (2006),lftg-2-2006-the-soundwiches,The Soundwiches,Joj Helfer,drums; vocals
lftg-2-2006,LFTG 2 (2006),lftg-2-2006-the-soundwiches,The Soundwiches,Sam Gyetvay,guitar; vocals
lftg-2-2006,LFTG 2 (2006),lftg-2-2006-the-soundwiches,The Soundwiches,Sam Trowbridge,trumpet
lftg-2-2006,LFTG 2 (2006),lftg-2-2006-the-soundwiches,The Soundwiches,Zander Smith,bass
lftg-2-2006,LFTG 2 (2006),lftg-2-2006-velvet-goldmine,Velvet Goldmine,"Alex ""The Pompadour"" Kasirer-Smibert",bass
lftg-2-2006,LFTG 2 (2006),lftg-2-2006-velvet-goldmine,Velvet Goldmine,Austin Tex,guitar
lftg-2-2006,LFTG 2 (2006),lftg-2-2006-velvet-goldmine,Velvet Goldmine,Corey Lesk,guitar; vocals
lftg-2-2006,LFTG 2 (2006),lftg-2-2006-velvet-goldmine,Velvet Goldmine,Noah Barer,drums
lftg-2-2006,LFTG 2 (2006),lftg-2-2006-velvet-goldmine,Velvet Goldmine,William Batory-Bernardin,keyboards
lftg-3-2007,LFTG 3 (2007),lftg-3-2007-mama-and-papa-so-mean,Mama and Papa so Mean,Arnold Dort,bass
lftg-3-2007,LFTG 3 (2007),lftg-3-2007-mama-and-papa-so-mean,Mama and Papa so Mean,Lee-Ann Matthews,vocals
lftg-3-2007,LFTG 3 (2007),lftg-3-2007-mama-and-papa-so-mean,Mama and Papa so Mean,Nick Hemsworth,guitar
lftg-3-2007,LFTG 3 (2007),lftg-3-2007-mama-and-papa-so-mean,Mama and Papa so Mean,Peter Schmidt,drums
lftg-3-2007,LFTG 3 (2007),lftg-3-2007-mama-and-papa-so-mean,Mama and Papa so Mean,Tina Hart,vocals
lftg-3-2007,LFTG 3 (2007),lftg-3-2007-mama-and-papa-so-mean,Mama and Papa so Mean,Wayne Hemsworth,guitar
lftg-3-2007,LFTG 3 (2007),lftg-3-2007-the-daft-devils,The Daft Devils,Doug Stein,drums
lftg-3-2007,LFTG 3 (2007),lftg-3-2007-the-daft-devils,The Daft Devils,Ken Drummond,bass; guitar
lftg-3-2007,LFTG 3 (2007),lftg-3-2007-the-daft-devils,The Daft Devils,Kenny Drummond,guitar
lftg-3-2007,LFTG 3 (2007),lftg-3-2007-the-daft-devils,The Daft Devils,Mario Giulione,vocals
lftg-3-2007,LFTG 3 (2007),lftg-3-2007-the-daft-devils,The Daft Devils,Mike Fitch,guitar
lftg-3-2007,LFTG 3 (2007),lftg-3-2007-the-daft-devils,The Daft Devils,Rob Drummond,guitar
lftg-3-2007,LFTG 3 (2007),lftg-3-2007-the-jay-hawks,The Jay Hawks,Nicolas Latraverse,keyboards
lftg-3-2007,LFTG 3 (2007),lftg-3-2007-the-jay-hawks,The Jay Hawks,Rachelle Lapointe,guitar; vocals
lftg-3-2007,LFTG 3 (2007),lftg-3-2007-the-jay-hawks,The Jay Hawks,Sébastien Latraverse,bass
lftg-3-2007,LFTG 3 (2007),lftg-3-2007-the-wet-straps,The Wet Straps,Allan Gilmour,guitar
lftg-3-2007,LFTG 3 (2007),lftg-3-2007-the-wet-straps,The Wet Straps,Angela Murphy,vocals
lftg-3-2007,LFTG 3 (2007),lftg-3-2007-the-wet-straps,The Wet Straps,Doug Stein,drums
lftg-3-2007,LFTG 3 (2007),lftg-3-2007-the-wet-straps,The Wet Straps,Elyse Gasco,bass
lftg-3-2007,LFTG 3 (2007),lftg-3-2007-the-wet-straps,The Wet Straps,Kira Gilmore,guitar
lftg-3-2007,LFTG 3 (2007),lftg-3-2007-the-wet-straps,The Wet Straps,Maya Gilmore,percussion
lftg-3-2007,LFTG 3 (2007),lftg-3-2007-root-u,√root U,Audrey Leduc,vocals
lftg-3-2007,LFTG 3 (2007),lftg-3-2007-root-u,√root U,Doug Stein,drums
lftg-3-2007,LFTG 3 (2007),lftg-3-2007-root-u,√root U,Emma Durham,guitar
lftg-3-2007,LFTG 3 (2007),lftg-3-2007-root-u,√root U,Jiwon Shin,vocals
lftg-3-2007,LFTG 3 (2007),lftg-3-2007-root-u,√root U,Julia Durham,guitar
lftg-3-2007,LFTG 3 (2007),lftg-3-2007-root-u,√root U,Linda Durham,keyboards
lftg-3-2007,LFTG 3 (2007),lftg-3-2007-root-u,√root U,Simon Durham,guitar
lftg-4-2007,LFTG 4 (2007),lftg-4-2007-above-the-clinic,Above The Clinic,Allan Gilmour,guitar
lftg-4-2007,LFTG 4 (2007),lftg-4-2007-above-the-clinic,Above The Clinic,Elyse Gasco,bass
lftg-4-2007,LFTG 4 (2007),lftg-4-2007-above-the-clinic,Above The Clinic,Jay Blumenstein,drums
lftg-4-2007,LFTG 4 (2007),lftg-4-2007-above-the-clinic,Above The Clinic,Mario Giulione,vocals
lftg-4-2007,LFTG 4 (2007),lftg-4-2007-above-the-clinic,Above The Clinic,Vincent Freeman,guitar
lftg-4-2007,LFTG 4 (2007),lftg-4-2007-the-crumb-snatchers,The Crumb Snatchers,Lij,saxophone
lftg-4-2007,LFTG 4 (2007),lftg-4-2007-the-crumb-snatchers,The Crumb Snatchers,Mark Charbonneau,drums
lftg-4-2007,LFTG 4 (2007),lftg-4-2007-the-crumb-snatchers,The Crumb Snatchers,Sam Gyetvay,guitar; vocals
lftg-4-2007,LFTG 4 (2007),lftg-4-2007-the-crumb-snatchers,The Crumb Snatchers,Zander Smith,bass
lftg-4-2007,LFTG 4 (2007),lftg-4-2007-the-daft-devils,The Daft Devils,Jay Blumenstein,drums
lftg-4-2007,LFTG 4 (2007),lftg-4-2007-the-daft-devils,The Daft Devils,Ken Drummond,bass
lftg-4-2007,LFTG 4 (2007),lftg-4-2007-the-daft-devils,The Daft Devils,Kenny Drummond,guitar
lftg-4-2007,LFTG 4 (2007),lftg-4-2007-the-daft-devils,The Daft Devils,Mario Giulione,vocals
lftg-4-2007,LFTG 4 (2007),lftg-4-2007-the-daft-devils,The Daft Devils,Mike Fitch,guitar
lftg-4-2007,LFTG 4 (2007),lftg-4-2007-the-daft-devils,The Daft Devils,Rob Drummond,guitar
lftg-4-2007,LFTG 4 (2007),lftg-4-2007-the-falling-project,The Falling Project,Christian Buchanan,guitar
lftg-4-2007,LFTG 4 (2007),lftg-4-2007-the-falling-project,The Falling Project,Jay Blumenstein,drums
lftg-4-2007,LFTG 4 (2007),lftg-4-2007-the-falling-project,The Falling Project,Mario Giulione,vocals
lftg-4-2007,LFTG 4 (2007),lftg-4-2007-the-falling-project,The Falling Project,Ryan Adessky,guitar
lftg-4-2007,LFTG 4 (2007),lftg-4-2007-the-falling-project,The Falling Project,Thomas Martinet,guitar
lftg-4-2007,LFTG 4 (2007),lftg-4-2007-the-falling-project,The Falling Project,Tristan Supino,guitar
lftg-4-2007,LFTG 4 (2007),lftg-4-2007-the-j-stein-blues-experience,The J. STEIN BLUES EXPERIENCE!,Bill Kreklewetz,guitar
lftg-4-2007,LFTG 4 (2007),lftg-4-2007-the-j-stein-blues-experience,The J. STEIN BLUES EXPERIENCE!,Dominic Supino,guitar
lftg-4-2007,LFTG 4 (2007),lftg-4-2007-the-j-stein-blues-experience,The J. STEIN BLUES EXPERIENCE!,Jean Boisvert,bass
lftg-4-2007,LFTG 4 (2007),lftg-4-2007-the-j-stein-blues-experience,The J. STEIN BLUES EXPERIENCE!,Mark Charbonneau,drums
lftg-4-2007,LFTG 4 (2007),lftg-4-2007-the-j-stein-blues-experience,The J. STEIN BLUES EXPERIENCE!,Rick Collins,vocals
lftg-4-2007,LFTG 4 (2007),lftg-4-2007-the-j-stein-blues-experience,The J. STEIN BLUES EXPERIENCE!,Tim Dougherty,guitar
lftg-4-2007,LFTG 4 (2007),lftg-4-2007-the-j-stein-blues-experience,The J. STEIN BLUES EXPERIENCE!,Wayne Hemsworth,guitar
lftg-4-2007,LFTG 4 (2007),lftg-4-2007-root-u,√root U,Emma Durham,guitar
lftg-4-2007,LFTG 4 (2007),lftg-4-2007-root-u,√root U,Julia Durham,guitar
lftg-4-2007,LFTG 4 (2007),lftg-4-2007-root-u,√root U,Linda Durham,keyboards
lftg-4-2007,LFTG 4 (2007),lftg-4-2007-root-u,√root U,Mark Charbonneau,drums
lftg-4-2007,LFTG 4 (2007),lftg-4-2007-root-u,√root U,Samantha Backman,guitar
lftg-4-2007,LFTG 4 (2007),lftg-4-2007-root-u,√root U,Simon Durham,guitar
lftg-4-2007,LFTG 4 (2007),lftg-4-2007-root-u,√root U,Trevor Hooton,vocals
lftg-5-2008,LFTG 5 (2008),lftg-5-2008-breaking-tables,Breaking Tables,Emma Durham,guitar
lftg-5-2008,LFTG 5 (2008),lftg-5-2008-breaking-tables,Breaking Tables,Jay Blumenstein,drums
lftg-5-2008,LFTG 5 (2008),lftg-5-2008-breaking-tables,Breaking Tables,Julia Durham,guitar
lftg-5-2008,LFTG 5 (2008),lftg-5-2008-breaking-tables,Breaking Tables,Linda Durham,keyboards
lftg-5-2008,LFTG 5 (2008),lftg-5-2008-breaking-tables,Breaking Tables,Samantha Backman,guitar
lftg-5-2008,LFTG 5 (2008),lftg-5-2008-breaking-tables,Breaking Tables,Simon Durham,guitar
lftg-5-2008,LFTG 5 (2008),lftg-5-2008-breaking-tables,Breaking Tables,Trevor Hooton,vocals
lftg-5-2008,LFTG 5 (2008),lftg-5-2008-breaking-tables,Breaking Tables,Zander Smith,bass
lftg-5-2008,LFTG 5 (2008),lftg-5-2008-cardova,Cardova,Basil Charbonneau,keyboards
lftg-5-2008,LFTG 5 (2008),lftg-5-2008-cardova,Cardova,Jonathan Feist,guitar; vocals
lftg-5-2008,LFTG 5 (2008),lftg-5-2008-cardova,Cardova,Mark Charbonneau,drums
lftg-5-2008,LFTG 5 (2008),lftg-5-2008-cardova,Cardova,Sam Gyetvay,guitar
lftg-5-2008,LFTG 5 (2008),lftg-5-2008-cardova,Cardova,Zander Smith,bass
lftg-5-2008,LFTG 5 (2008),lftg-5-2008-the-daft-devils,The Daft Devils,Ken Drummond,bass
lftg-5-2008,LFTG 5 (2008),lftg-5-2008-the-daft-devils,The Daft Devils,Kenny Drummond,guitar
lftg-5-2008,LFTG 5 (2008),lftg-5-2008-the-daft-devils,The Daft Devils,Mario Giulione,vocals
lftg-5-2008,LFTG 5 (2008),lftg-5-2008-the-daft-devils,The Daft Devils,Mike Fitch,guitar
lftg-5-2008,LFTG 5 (2008),lftg-5-2008-the-daft-devils,The Daft Devils,Rob Drummond,guitar
lftg-5-2008,LFTG 5 (2008),lftg-5-2008-the-daft-devils,The Daft Devils,Ron Baluch,drums
lftg-5-2008,LFTG 5 (2008),lftg-5-2008-the-daft-devils,The Daft Devils,Thomas Martinet,guitar
lftg-5-2008,LFTG 5 (2008),lftg-5-2008-the-falling-project,The Falling Project,Christian Buchanan,guitar
lftg-5-2008,LFTG 5 (2008),lftg-5-2008-the-falling-project,The Falling Project,Jay Blumenstein,drums
lftg-5-2008,LFTG 5 (2008),lftg-5-2008-the-falling-project,The Falling Project,Mario Giulione,vocals
lftg-5-2008,LFTG 5 (2008),lftg-5-2008-the-falling-project,The Falling Project,Nicolas Martinet,bass
lftg-5-2008,LFTG 5 (2008),lftg-5-2008-the-falling-project,The Falling Project,Ryan Adessky,guitar
lftg-5-2008,LFTG 5 (2008),lftg-5-2008-the-falling-project,The Falling Project,Tristan Supino,guitar
lftg-5-2008,LFTG 5 (2008),lftg-5-2008-the-j-stein-blues-experience,The J. STEIN BLUES EXPERIENCE!,Bill Kreklewetz,guitar
lftg-5-2008,LFTG 5 (2008),lftg-5-2008-the-j-stein-blues-experience,The J. STEIN BLUES EXPERIENCE!,Dominic Supino,guitar
lftg-5-2008,LFTG 5 (2008),lftg-5-2008-the-j-stein-blues-experience,The J. STEIN BLUES EXPERIENCE!,Mark Charbonneau,drums
lftg-5-2008,LFTG 5 (2008),lftg-5-2008-the-j-stein-blues-experience,The J. STEIN BLUES EXPERIENCE!,Rick Collins,vocals
lftg-5-2008,LFTG 5 (2008),lftg-5-2008-the-j-stein-blues-experience,The J. STEIN BLUES EXPERIENCE!,Tim Dougherty,guitar
lftg-5-2008,LFTG 5 (2008),lftg-5-2008-the-j-stein-blues-experience,The J. STEIN BLUES EXPERIENCE!,Tristan Hemsworth,bass
lftg-5-2008,LFTG 5 (2008),lftg-5-2008-the-j-stein-blues-experience,The J. STEIN BLUES EXPERIENCE!,Wayne Hemsworth,guitar
lftg-6-2008,LFTG 6 (2008),lftg-6-2008-jack-johnson-tribute,Jack Johnson Tribute,Cliff Caporale,vocals
lftg-6-2008,LFTG 6 (2008),lftg-6-2008-jack-johnson-tribute,Jack Johnson Tribute,Jack Melkerson,guitar
lftg-6-2008,LFTG 6 (2008),lftg-6-2008-jack-johnson-tribute,Jack Johnson Tribute,Mark Trudel,guitar
lftg-6-2008,LFTG 6 (2008),lftg-6-2008-jack-johnson-tribute,Jack Johnson Tribute,Nick Trudel,bass
lftg-6-2008,LFTG 6 (2008),lftg-6-2008-jack-johnson-tribute,Jack Johnson Tribute,Nicolas Martinet,guitar
lftg-6-2008,LFTG 6 (2008),lftg-6-2008-jack-johnson-tribute,Jack Johnson Tribute,William Gaucher,drums
lftg-6-2008,LFTG 6 (2008),lftg-6-2008-radiohead-tribute,Radiohead Tribute,Allan Gilmour,guitar
lftg-6-2008,LFTG 6 (2008),lftg-6-2008-radiohead-tribute,Radiohead Tribute,Elyse Gasco,bass
lftg-6-2008,LFTG 6 (2008),lftg-6-2008-radiohead-tribute,Radiohead Tribute,Jay Blumenstein,drums
lftg-6-2008,LFTG 6 (2008),lftg-6-2008-radiohead-tribute,Radiohead Tribute,Mario Giulione,vocals
lftg-6-2008,LFTG 6 (2008),lftg-6-2008-the-white-stripes-tribute,The White Stripes Tribute,Maya Gilmour,drums
lftg-6-2008,LFTG 6 (2008),lftg-6-2008-the-white-stripes-tribute,The White Stripes Tribute,Allan Gilmour,guitar
lftg-6-2008,LFTG 6 (2008),lftg-6-2008-the-white-stripes-tribute,The White Stripes Tribute,Elyse Gasco,bass
lftg-6-2008,LFTG 6 (2008),lftg-6-2008-the-white-stripes-tribute,The White Stripes Tribute,Mario Giulione,vocals
lftg-6-2008,LFTG 6 (2008),lftg-6-2008-rage-against-the-machine-tribute,Rage Against The Machine Tribute,Benjamin Dumas-Boisvert,drums
lftg-6-2008,LFTG 6 (2008),lftg-6-2008-rage-against-the-machine-tribute,Rage Against The Machine Tribute,Christian Buchanan,guitar
lftg-6-2008,LFTG 6 (2008),lftg-6-2008-rage-against-the-machine-tribute,Rage Against The Machine Tribute,Jonathan Feist,vocals
lftg-6-2008,LFTG 6 (2008),lftg-6-2008-rage-against-the-machine-tribute,Rage Against The Machine Tribute,Jordi Soldevila,guitar
lftg-6-2008,LFTG 6 (2008),lftg-6-2008-rage-against-the-machine-tribute,Rage Against The Machine Tribute,Mathew Aisen,guitar
lftg-6-2008,LFTG 6 (2008),lftg-6-2008-rage-against-the-machine-tribute,Rage Against The Machine Tribute,Sam Gyetvay,guitar
lftg-6-2008,LFTG 6 (2008),lftg-6-2008-rage-against-the-machine-tribute,Rage Against The Machine Tribute,Zander Smith,bass
lftg-6-2008,LFTG 6 (2008),lftg-6-2008-santana-tribute,Santana Tribute,Chris Kreklewetz,keyboards
lftg-6-2008,LFTG 6 (2008),lftg-6-2008-santana-tribute,Santana Tribute,Jeremy Wallace,guitar
lftg-6-2008,LFTG 6 (2008),lftg-6-2008-santana-tribute,Santana Tribute,Ken Drummond,bass
lftg-6-2008,LFTG 6 (2008),lftg-6-2008-santana-tribute,Santana Tribute,Kenny Drummond,guitar
lftg-6-2008,LFTG 6 (2008),lftg-6-2008-santana-tribute,Santana Tribute,Mario Giulione,vocals
lftg-6-2008,LFTG 6 (2008),lftg-6-2008-santana-tribute,Santana Tribute,Marla Caplan,drums
lftg-6-2008,LFTG 6 (2008),lftg-6-2008-santana-tribute,Santana Tribute,Mike Fitch,guitar
lftg-6-2008,LFTG 6 (2008),lftg-6-2008-santana-tribute,Santana Tribute,Rob Drummond,guitar
lftg-6-2008,LFTG 6 (2008),lftg-6-2008-tribute-to-the-kings,Tribute To The Kings,Bill Kreklewetz,guitar
lftg-6-2008,LFTG 6 (2008),lftg-6-2008-tribute-to-the-kings,Tribute To The Kings,Chris Kreklewetz,keyboards
lftg-6-2008,LFTG 6 (2008),lftg-6-2008-tribute-to-the-kings,Tribute To The Kings,Dominic Supino,guitar
lftg-6-2008,LFTG 6 (2008),lftg-6-2008-tribute-to-the-kings,Tribute To The Kings,Jean Boisvert,bass
lftg-6-2008,LFTG 6 (2008),lftg-6-2008-tribute-to-the-kings,Tribute To The Kings,Mark Charbonneau,drums
lftg-6-2008,LFTG 6 (2008),lftg-6-2008-tribute-to-the-kings,Tribute To The Kings,Rick Collins,vocals
lftg-6-2008,LFTG 6 (2008),lftg-6-2008-tribute-to-the-kings,Tribute To The Kings,Tim Dougherty,guitar
lftg-6-2008,LFTG 6 (2008),lftg-6-2008-tribute-to-the-kings,Tribute To The Kings,Wayne Hemsworth,guitar
lftg-6-2008,LFTG 6 (2008),lftg-6-2008-u2-tribute,U2 Tribute,Mark Charbonneau,drums
lftg-6-2008,LFTG 6 (2008),lftg-6-2008-u2-tribute,U2 Tribute,Moe Clark,vocals
lftg-6-2008,LFTG 6 (2008),lftg-6-2008-u2-tribute,U2 Tribute,Robin Kreklewetz,guitar
lftg-6-2008,LFTG 6 (2008),lftg-6-2008-u2-tribute,U2 Tribute,Samantha Backman,guitar
lftg-7-2009,LFTG 7 (2009),lftg-7-2009-the-2000-s-modern-rock,The 2000's - Modern Rock,Mario Giulione,vocals
lftg-7-2009,LFTG 7 (2009),lftg-7-2009-the-2000-s-modern-rock,The 2000's - Modern Rock,Nick Trudel,bass
lftg-7-2009,LFTG 7 (2009),lftg-7-2009-the-2000-s-modern-rock,The 2000's - Modern Rock,Nicolas Martinet,guitar
lftg-7-2009,LFTG 7 (2009),lftg-7-2009-the-2000-s-modern-rock,The 2000's - Modern Rock,William Gaucher,drums
lftg-7-2009,LFTG 7 (2009),lftg-7-2009-the-50-s-the-birth-of-rock,The 50's - The Birth of Rock,Bill Kreklewetz,guitar
lftg-7-2009,LFTG 7 (2009),lftg-7-2009-the-50-s-the-birth-of-rock,The 50's - The Birth of Rock,Chris Kreklewetz,keyboards
lftg-7-2009,LFTG 7 (2009),lftg-7-2009-the-50-s-the-birth-of-rock,The 50's - The Birth of Rock,Darquis Rivard,bass
lftg-7-2009,LFTG 7 (2009),lftg-7-2009-the-50-s-the-birth-of-rock,The 50's - The Birth of Rock,Dominic Supino,guitar
lftg-7-2009,LFTG 7 (2009),lftg-7-2009-the-50-s-the-birth-of-rock,The 50's - The Birth of Rock,Mark Charbonneau,drums
lftg-7-2009,LFTG 7 (2009),lftg-7-2009-the-50-s-the-birth-of-rock,The 50's - The Birth of Rock,Rick Collins,vocals
lftg-7-2009,LFTG 7 (2009),lftg-7-2009-the-50-s-the-birth-of-rock,The 50's - The Birth of Rock,Tim Dougherty,guitar
lftg-7-2009,LFTG 7 (2009),lftg-7-2009-the-50-s-the-birth-of-rock,The 50's - The Birth of Rock,Wayne Hemsworth,guitar
lftg-7-2009,LFTG 7 (2009),lftg-7-2009-the-60-s-female-vocalists,The 60's - Female Vocalists,Doug Stein,drums
lftg-7-2009,LFTG 7 (2009),lftg-7-2009-the-60-s-female-vocalists,The 60's - Female Vocalists,Matt Aisen,guitar
lftg-7-2009,LFTG 7 (2009),lftg-7-2009-the-60-s-female-vocalists,The 60's - Female Vocalists,Robin Kreklewetz,guitar
lftg-7-2009,LFTG 7 (2009),lftg-7-2009-the-60-s-female-vocalists,The 60's - Female Vocalists,Samantha Backman,guitar
lftg-7-2009,LFTG 7 (2009),lftg-7-2009-the-60-s-female-vocalists,The 60's - Female Vocalists,Saskia Gaucher,vocals
lftg-7-2009,LFTG 7 (2009),lftg-7-2009-the-60-s-female-vocalists,The 60's - Female Vocalists,Zander Smith,bass
lftg-7-2009,LFTG 7 (2009),lftg-7-2009-the-60-s-the-british-invasion,The 60's - The British Invasion,Emma Durham,guitar
lftg-7-2009,LFTG 7 (2009),lftg-7-2009-the-60-s-the-british-invasion,The 60's - The British Invasion,Nadim Hashim,drums
lftg-7-2009,LFTG 7 (2009),lftg-7-2009-the-60-s-the-british-invasion,The 60's - The British Invasion,Nick Trudel,bass
lftg-7-2009,LFTG 7 (2009),lftg-7-2009-the-60-s-the-british-invasion,The 60's - The British Invasion,Simon Durham,guitar
lftg-7-2009,LFTG 7 (2009),lftg-7-2009-the-60-s-the-british-invasion,The 60's - The British Invasion,Steve Herskovitz,vocals
lftg-7-2009,LFTG 7 (2009),lftg-7-2009-the-60-s-the-british-invasion,The 60's - The British Invasion,Zander Brais,guitar
lftg-7-2009,LFTG 7 (2009),lftg-7-2009-the-70-s-am-rock,The 70's - AM Rock,Allan Gilmour,guitar
lftg-7-2009,LFTG 7 (2009),lftg-7-2009-the-70-s-am-rock,The 70's - AM Rock,Angela Murphy,vocals
lftg-7-2009,LFTG 7 (2009),lftg-7-2009-the-70-s-am-rock,The 70's - AM Rock,Elyse Gasco,bass
lftg-7-2009,LFTG 7 (2009),lftg-7-2009-the-70-s-am-rock,The 70's - AM Rock,Jay Blumenstein,drums
lftg-7-2009,LFTG 7 (2009),lftg-7-2009-the-70-s-am-rock,The 70's - AM Rock,Maya Gilmour,drums
lftg-7-2009,LFTG 7 (2009),lftg-7-2009-the-80-s-alternative-rock,The 80's - Alternative Rock,Aura Burko,guitar
lftg-7-2009,LFTG 7 (2009),lftg-7-2009-the-80-s-alternative-rock,The 80's - Alternative Rock,Cara Webb,drums
lftg-7-2009,LFTG 7 (2009),lftg-7-2009-the-80-s-alternative-rock,The 80's - Alternative Rock,Christina Sciascia,guitar; vocals
lftg-7-2009,LFTG 7 (2009),lftg-7-2009-the-80-s-alternative-rock,The 80's - Alternative Rock,Elyse Gasco,bass
lftg-7-2009,LFTG 7 (2009),lftg-7-2009-the-80-s-canadian-rock,The 80's - Canadian Rock,Amanda Fitch,keyboards
lftg-7-2009,LFTG 7 (2009),lftg-7-2009-the-80-s-canadian-rock,The 80's - Canadian Rock,Angela Murphy,vocals
lftg-7-2009,LFTG 7 (2009),lftg-7-2009-the-80-s-canadian-rock,The 80's - Canadian Rock,Fred Bouchard,drums
lftg-7-2009,LFTG 7 (2009),lftg-7-2009-the-80-s-canadian-rock,The 80's - Canadian Rock,Kenny Drummond,guitar
lftg-7-2009,LFTG 7 (2009),lftg-7-2009-the-80-s-canadian-rock,The 80's - Canadian Rock,Mike Fitch,guitar
lftg-7-2009,LFTG 7 (2009),lftg-7-2009-the-80-s-canadian-rock,The 80's - Canadian Rock,Rob Drummond,guitar
lftg-7-2009,LFTG 7 (2009),lftg-7-2009-the-90-s-the-seattle-sound,The 90's - The Seattle Sound,Christian Buchanan,guitar
lftg-7-2009,LFTG 7 (2009),lftg-7-2009-the-90-s-the-seattle-sound,The 90's - The Seattle Sound,Doug Stein,drums
lftg-7-2009,LFTG 7 (2009),lftg-7-2009-the-90-s-the-seattle-sound,The 90's - The Seattle Sound,Jeremy Wallace,guitar
lftg-7-2009,LFTG 7 (2009),lftg-7-2009-the-90-s-the-seattle-sound,The 90's - The Seattle Sound,Jordi Soldevila,guitar
lftg-7-2009,LFTG 7 (2009),lftg-7-2009-the-90-s-the-seattle-sound,The 90's - The Seattle Sound,Mario Giulione,vocals
lftg-7-2009,LFTG 7 (2009),lftg-7-2009-the-90-s-the-seattle-sound,The 90's - The Seattle Sound,Zander Smith,bass
lftg-8-2009,LFTG 8 (2009),lftg-8-2009-audio-overdrive,Audio Overdrive,Christian Buchanan,guitar
lftg-8-2009,LFTG 8 (2009),lftg-8-2009-audio-overdrive,Audio Overdrive,Doug Stein,drums
lftg-8-2009,LFTG 8 (2009),lftg-8-2009-audio-overdrive,Audio Overdrive,Jordi Soldevila,guitar
lftg-8-2009,LFTG 8 (2009),lftg-8-2009-audio-overdrive,Audio Overdrive,Mario Giulione,vocals
lftg-8-2009,LFTG 8 (2009),lftg-8-2009-audio-overdrive,Audio Overdrive,Matt Aisen,guitar
lftg-8-2009,LFTG 8 (2009),lftg-8-2009-audio-overdrive,Audio Overdrive,Zander Smith,bass
lftg-8-2009,LFTG 8 (2009),lftg-8-2009-clap-beat-good,Clap Beat Good,Doug Stein,drums
lftg-8-2009,LFTG 8 (2009),lftg-8-2009-clap-beat-good,Clap Beat Good,Emma Durham,guitar
lftg-8-2009,LFTG 8 (2009),lftg-8-2009-clap-beat-good,Clap Beat Good,Jack Melkerson,guitar
lftg-8-2009,LFTG 8 (2009),lftg-8-2009-clap-beat-good,Clap Beat Good,Nick Trudel,bass
lftg-8-2009,LFTG 8 (2009),lftg-8-2009-clap-beat-good,Clap Beat Good,Simon Durham,guitar
lftg-8-2009,LFTG 8 (2009),lftg-8-2009-clap-beat-good,Clap Beat Good,Tim Smith,vocals
lftg-8-2009,LFTG 8 (2009),lftg-8-2009-dominic-and-the-dominators,Dominic and the Dominators,Bill Kreklewetz,guitar
lftg-8-2009,LFTG 8 (2009),lftg-8-2009-dominic-and-the-dominators,Dominic and the Dominators,Chris Kreklewetz,keyboards
lftg-8-2009,LFTG 8 (2009),lftg-8-2009-dominic-and-the-dominators,Dominic and the Dominators,Darquis Rivard,bass
lftg-8-2009,LFTG 8 (2009),lftg-8-2009-dominic-and-the-dominators,Dominic and the Dominators,Dominic Supino,guitar
lftg-8-2009,LFTG 8 (2009),lftg-8-2009-dominic-and-the-dominators,Dominic and the Dominators,Lee-Ann Matthews,backup vocals
lftg-8-2009,LFTG 8 (2009),lftg-8-2009-dominic-and-the-dominators,Dominic and the Dominators,Rick Collins,vocals
lftg-8-2009,LFTG 8 (2009),lftg-8-2009-dominic-and-the-dominators,Dominic and the Dominators,Rob Surridge,drums
lftg-8-2009,LFTG 8 (2009),lftg-8-2009-dominic-and-the-dominators,Dominic and the Dominators,Tim Dougherty,guitar
lftg-8-2009,LFTG 8 (2009),lftg-8-2009-dominic-and-the-dominators,Dominic and the Dominators,Tina Hartt,vocals
lftg-8-2009,LFTG 8 (2009),lftg-8-2009-dominic-and-the-dominators,Dominic and the Dominators,Wayne Hemsworth,guitar
lftg-8-2009,LFTG 8 (2009),lftg-8-2009-pink-radio,Pink Radio,Allan Gilmour,guitar
lftg-8-2009,LFTG 8 (2009),lftg-8-2009-pink-radio,Pink Radio,Elyse Gasco,bass
lftg-8-2009,LFTG 8 (2009),lftg-8-2009-pink-radio,Pink Radio,Jay Blumenstein,drums
lftg-8-2009,LFTG 8 (2009),lftg-8-2009-pink-radio,Pink Radio,Marcel Aulls,guitar
lftg-8-2009,LFTG 8 (2009),lftg-8-2009-pink-radio,Pink Radio,Mario Giulione,vocals
lftg-8-2009,LFTG 8 (2009),lftg-8-2009-pink-radio,Pink Radio,Mike Fitch,keyboards
lftg-8-2009,LFTG 8 (2009),lftg-8-2009-sonic-white,Sonic White,Jay Blumenstein,drums
lftg-8-2009,LFTG 8 (2009),lftg-8-2009-sonic-white,Sonic White,Nick Trudel,bass
lftg-8-2009,LFTG 8 (2009),lftg-8-2009-sonic-white,Sonic White,Robin Kreklewetz,guitar
lftg-8-2009,LFTG 8 (2009),lftg-8-2009-sonic-white,Sonic White,Samantha Backman,guitar
lftg-8-2009,LFTG 8 (2009),lftg-8-2009-sonic-white,Sonic White,Tim Smith,vocals
lftg-8-2009,LFTG 8 (2009),lftg-8-2009-the-daft-devils,The Daft Devils,Chris Kreklewetz,keyboards
lftg-8-2009,LFTG 8 (2009),lftg-8-2009-the-daft-devils,The Daft Devils,Fred Bouchard,drums
lftg-8-2009,LFTG 8 (2009),lftg-8-2009-the-daft-devils,The Daft Devils,Kenny Drummond,guitar
lftg-8-2009,LFTG 8 (2009),lftg-8-2009-the-daft-devils,The Daft Devils,Mike Fitch,guitar
lftg-8-2009,LFTG 8 (2009),lftg-8-2009-the-daft-devils,The Daft Devils,Rob Drummond,guitar
lftg-8-2009,LFTG 8 (2009),lftg-8-2009-the-daft-devils,The Daft Devils,Steve Herskovitz,vocals
lftg-8-2009,LFTG 8 (2009),lftg-8-2009-your-mother,Your Mother,Aura Burko,guitar
lftg-8-2009,LFTG 8 (2009),lftg-8-2009-your-mother,Your Mother,Cara Webb,drums
lftg-8-2009,LFTG 8 (2009),lftg-8-2009-your-mother,Your Mother,Christina Sciascia,guitar; vocals
lftg-8-2009,LFTG 8 (2009),lftg-8-2009-your-mother,Your Mother,Elyse Gasco,bass
lftg-9-2010,LFTG 9 (2010),lftg-9-2010-above-the-clinic,Above The Clinic,Allan Gilmour,guitar
lftg-9-2010,LFTG 9 (2010),lftg-9-2010-above-the-clinic,Above The Clinic,Elyse Gasco,bass
lftg-9-2010,LFTG 9 (2010),lftg-9-2010-above-the-clinic,Above The Clinic,Jay Blumenstein,drums
lftg-9-2010,LFTG 9 (2010),lftg-9-2010-above-the-clinic,Above The Clinic,Marcel Aulls,guitar
lftg-9-2010,LFTG 9 (2010),lftg-9-2010-above-the-clinic,Above The Clinic,Mario Giulione,vocals
lftg-9-2010,LFTG 9 (2010),lftg-9-2010-citizen-jane,Citizen Jane,Allan Gilmour,guitar
lftg-9-2010,LFTG 9 (2010),lftg-9-2010-citizen-jane,Citizen Jane,Emico Berman,bass
lftg-9-2010,LFTG 9 (2010),lftg-9-2010-citizen-jane,Citizen Jane,Jaclyn Gordon,vocals
lftg-9-2010,LFTG 9 (2010),lftg-9-2010-citizen-jane,Citizen Jane,Marla Caplan,guitar
lftg-9-2010,LFTG 9 (2010),lftg-9-2010-citizen-jane,Citizen Jane,Maya Gilmour,drums
lftg-9-2010,LFTG 9 (2010),lftg-9-2010-citizen-jane,Citizen Jane,Riley Goldsmith,back up vocals; keyboards
lftg-9-2010,LFTG 9 (2010),lftg-9-2010-evolution-destruction,Evolution Destruction,Jay Blumenstein,drums
lftg-9-2010,LFTG 9 (2010),lftg-9-2010-evolution-destruction,Evolution Destruction,Robin Kreklewetz,guitar
lftg-9-2010,LFTG 9 (2010),lftg-9-2010-evolution-destruction,Evolution Destruction,Samantha Backman,guitar
lftg-9-2010,LFTG 9 (2010),lftg-9-2010-evolution-destruction,Evolution Destruction,Steve Herskovitz,vocals
lftg-9-2010,LFTG 9 (2010),lftg-9-2010-evolution-destruction,Evolution Destruction,Zander Brais,guitar
lftg-9-2010,LFTG 9 (2010),lftg-9-2010-evolution-destruction,Evolution Destruction,Zander Smith,bass
lftg-9-2010,LFTG 9 (2010),lftg-9-2010-fire-in-the-sky,Fire In the Sky,AJ Davies-Jordan,guitar
lftg-9-2010,LFTG 9 (2010),lftg-9-2010-fire-in-the-sky,Fire In the Sky,Doug Stein,drums
lftg-9-2010,LFTG 9 (2010),lftg-9-2010-fire-in-the-sky,Fire In the Sky,Mario Giulione,vocals
lftg-9-2010,LFTG 9 (2010),lftg-9-2010-fire-in-the-sky,Fire In the Sky,Mathew Aisen,guitar
lftg-9-2010,LFTG 9 (2010),lftg-9-2010-fire-in-the-sky,Fire In the Sky,Zander Smith,bass
lftg-9-2010,LFTG 9 (2010),lftg-9-2010-sell-it-to-the-crowd,Sell It To The Crowd,Emma Durham,guitar
lftg-9-2010,LFTG 9 (2010),lftg-9-2010-sell-it-to-the-crowd,Sell It To The Crowd,Jack Melkerson,guitar
lftg-9-2010,LFTG 9 (2010),lftg-9-2010-sell-it-to-the-crowd,Sell It To The Crowd,Mike Fitch,keyboards
lftg-9-2010,LFTG 9 (2010),lftg-9-2010-sell-it-to-the-crowd,Sell It To The Crowd,Nadim Hashim,drums
lftg-9-2010,LFTG 9 (2010),lftg-9-2010-sell-it-to-the-crowd,Sell It To The Crowd,Simon Durham,guitar
lftg-9-2010,LFTG 9 (2010),lftg-9-2010-sell-it-to-the-crowd,Sell It To The Crowd,Steve Herskovitz,vocals
lftg-9-2010,LFTG 9 (2010),lftg-9-2010-sell-it-to-the-crowd,Sell It To The Crowd,Zander Smith,bass
lftg-9-2010,LFTG 9 (2010),lftg-9-2010-surf-s-up,Surf's Up!,Elia Nissan,guitar
lftg-9-2010,LFTG 9 (2010),lftg-9-2010-surf-s-up,Surf's Up!,Jay Blumenstein,drums
lftg-9-2010,LFTG 9 (2010),lftg-9-2010-surf-s-up,Surf's Up!,Zander Smith,bass
lftg-9-2010,LFTG 9 (2010),lftg-9-2010-the-daft-devils,The Daft Devils,Christina Sciascia,vocals
lftg-9-2010,LFTG 9 (2010),lftg-9-2010-the-daft-devils,The Daft Devils,Ken Drummond,bass
lftg-9-2010,LFTG 9 (2010),lftg-9-2010-the-daft-devils,The Daft Devils,Kenny Drummond,guitar
lftg-9-2010,LFTG 9 (2010),lftg-9-2010-the-daft-devils,The Daft Devils,Mike Fitch,guitar
lftg-9-2010,LFTG 9 (2010),lftg-9-2010-the-daft-devils,The Daft Devils,Rob Drummond,guitar
lftg-9-2010,LFTG 9 (2010),lftg-9-2010-the-daft-devils,The Daft Devils,Shawn Payette,drums
lftg-9-2010,LFTG 9 (2010),lftg-9-2010-the-muted,The Muted,Catherine Drummond,drums
lftg-9-2010,LFTG 9 (2010),lftg-9-2010-the-muted,The Muted,Isabella Byrne,guitar
lftg-9-2010,LFTG 9 (2010),lftg-9-2010-the-muted,The Muted,Lara Clarke-Gascon,bass; guitar
lftg-9-2010,LFTG 9 (2010),lftg-9-2010-the-muted,The Muted,Roma Burdman-Gelgor,vocals
lftg-9-2010,LFTG 9 (2010),lftg-9-2010-the-muted,The Muted,Yasmine Kamen,bass; guitar
lftg-10-2011,LFTG 10 (2011),lftg-10-2011-los-tres-gatos,Los Tres Gatos,Carl Brabander,vocals
lftg-10-2011,LFTG 10 (2011),lftg-10-2011-los-tres-gatos,Los Tres Gatos,Dominic Supino,guitar
lftg-10-2011,LFTG 10 (2011),lftg-10-2011-los-tres-gatos,Los Tres Gatos,Ken Drummond,bass
lftg-10-2011,LFTG 10 (2011),lftg-10-2011-los-tres-gatos,Los Tres Gatos,Patrick Houston,drums
lftg-10-2011,LFTG 10 (2011),lftg-10-2011-los-tres-gatos,Los Tres Gatos,Tim Dougherty,guitar
lftg-10-2011,LFTG 10 (2011),lftg-10-2011-los-tres-gatos,Los Tres Gatos,Wayne Hemsworth,guitar
lftg-10-2011,LFTG 10 (2011),lftg-10-2011-the-brothers,The Brothers,Amanda Fitch,keyboards
lftg-10-2011,LFTG 10 (2011),lftg-10-2011-the-brothers,The Brothers,Jason Spiegler,guitar
lftg-10-2011,LFTG 10 (2011),lftg-10-2011-the-brothers,The Brothers,Matt Aisen,guitar
lftg-10-2011,LFTG 10 (2011),lftg-10-2011-the-brothers,The Brothers,Nadim Hashim,drums
lftg-10-2011,LFTG 10 (2011),lftg-10-2011-the-brothers,The Brothers,Nathalie Gervais,vocals
lftg-10-2011,LFTG 10 (2011),lftg-10-2011-the-brothers,The Brothers,Pascal Spiegler,guitar
lftg-10-2011,LFTG 10 (2011),lftg-10-2011-the-daft-devils,The Daft Devils,Doug Stein,drums
lftg-10-2011,LFTG 10 (2011),lftg-10-2011-the-daft-devils,The Daft Devils,Jay Ross,vocals
lftg-10-2011,LFTG 10 (2011),lftg-10-2011-the-daft-devils,The Daft Devils,Ken Drummond,bass
lftg-10-2011,LFTG 10 (2011),lftg-10-2011-the-daft-devils,The Daft Devils,Kenny Drummond,guitar
lftg-10-2011,LFTG 10 (2011),lftg-10-2011-the-daft-devils,The Daft Devils,Mike Fitch,guitar
lftg-10-2011,LFTG 10 (2011),lftg-10-2011-the-daft-devils,The Daft Devils,Rob Drummond,guitar
lftg-10-2011,LFTG 10 (2011),lftg-10-2011-the-indra-club,The Indra Club,Aaron Dolman,drums
lftg-10-2011,LFTG 10 (2011),lftg-10-2011-the-indra-club,The Indra Club,Carlos Hernandez-Zapien,vocals
lftg-10-2011,LFTG 10 (2011),lftg-10-2011-the-indra-club,The Indra Club,Dylan Langburt,guitar
lftg-10-2011,LFTG 10 (2011),lftg-10-2011-the-indra-club,The Indra Club,Matt Aisen,guitar
lftg-10-2011,LFTG 10 (2011),lftg-10-2011-the-indra-club,The Indra Club,Mike Fitch,guitar; keyboards
lftg-10-2011,LFTG 10 (2011),lftg-10-2011-the-indra-club,The Indra Club,Natasha Rose,vocals
lftg-10-2011,LFTG 10 (2011),lftg-10-2011-the-indra-club,The Indra Club,Riley Cohen,guitar
lftg-10-2011,LFTG 10 (2011),lftg-10-2011-the-indra-club,The Indra Club,Zander Smith,bass
lftg-10-2011,LFTG 10 (2011),lftg-10-2011-the-muted,The Muted,Amanda Fitch,keyboards
lftg-10-2011,LFTG 10 (2011),lftg-10-2011-the-muted,The Muted,Anita Haurie,bass; guitar
lftg-10-2011,LFTG 10 (2011),lftg-10-2011-the-muted,The Muted,Christina Sciascia,vocals
lftg-10-2011,LFTG 10 (2011),lftg-10-2011-the-muted,The Muted,Isabella Byrne,guitar
lftg-10-2011,LFTG 10 (2011),lftg-10-2011-the-muted,The Muted,Mark Charbonneau,drums
lftg-10-2011,LFTG 10 (2011),lftg-10-2011-the-muted,The Muted,Yasmine Kamen,bass; guitar
lftg-10-2011,LFTG 10 (2011),lftg-10-2011-this-wasted-land,This Wasted Land,Allan Gilmour,guitar
lftg-10-2011,LFTG 10 (2011),lftg-10-2011-this-wasted-land,This Wasted Land,Angela Murphy,vocals
lftg-10-2011,LFTG 10 (2011),lftg-10-2011-this-wasted-land,This Wasted Land,Elyse Gasco,bass
lftg-10-2011,LFTG 10 (2011),lftg-10-2011-this-wasted-land,This Wasted Land,Jay Blumenstein,drums
lftg-10-2011,LFTG 10 (2011),lftg-10-2011-this-wasted-land,This Wasted Land,Marcel Aulls,guitar
lftg-10-2011,LFTG 10 (2011),lftg-10-2011-through-waves,Through Waves,AJ Davies-Jordan,guitar
lftg-10-2011,LFTG 10 (2011),lftg-10-2011-through-waves,Through Waves,Chris Kreklewetz,keyboards
lftg-10-2011,LFTG 10 (2011),lftg-10-2011-through-waves,Through Waves,David Greenstein,bass
lftg-10-2011,LFTG 10 (2011),lftg-10-2011-through-waves,Through Waves,Erica Patulli,guitar
lftg-10-2011,LFTG 10 (2011),lftg-10-2011-through-waves,Through Waves,Marc Kimmel,vocals
lftg-10-2011,LFTG 10 (2011),lftg-10-2011-through-waves,Through Waves,Matthew Patulli,drums
lftg-10-2011,LFTG 10 (2011),lftg-10-2011-through-waves,Through Waves,Robin Kreklewetz,guitar
lftg-10-2011,LFTG 10 (2011),lftg-10-2011-twenty-fingers,Twenty Fingers,David Greenstein,bass
lftg-10-2011,LFTG 10 (2011),lftg-10-2011-twenty-fingers,Twenty Fingers,Elia Nissan,guitar
lftg-10-2011,LFTG 10 (2011),lftg-10-2011-twenty-fingers,Twenty Fingers,Jay Blumenstein,drums
lftg-10-2011,LFTG 10 (2011),lftg-10-2011-twenty-fingers,Twenty Fingers,Jordan Edelstein,guitar
lftg-10-2011,LFTG 10 (2011),lftg-10-2011-twenty-fingers,Twenty Fingers,Sean Roberts,guitar
lftg-10-2011,LFTG 10 (2011),lftg-10-2011-twenty-fingers,Twenty Fingers,Steve Herskovitz,vocals
lftg-11-2012,LFTG 11 (2012),lftg-11-2012-above-the-clinic,Above The Clinic,Allan Gilmour,guitar
lftg-11-2012,LFTG 11 (2012),lftg-11-2012-above-the-clinic,Above The Clinic,Elyse Gasco,bass
lftg-11-2012,LFTG 11 (2012),lftg-11-2012-above-the-clinic,Above The Clinic,Jay Blumenstein,drums
lftg-11-2012,LFTG 11 (2012),lftg-11-2012-above-the-clinic,Above The Clinic,Marc Kimmel,vocals
lftg-11-2012,LFTG 11 (2012),lftg-11-2012-broken-rules,Broken Rules,AJ Davies-Jordan,guitar
lftg-11-2012,LFTG 11 (2012),lftg-11-2012-broken-rules,Broken Rules,Danny Labrecque,bass
lftg-11-2012,LFTG 11 (2012),lftg-11-2012-broken-rules,Broken Rules,David Greenstein,drums
lftg-11-2012,LFTG 11 (2012),lftg-11-2012-broken-rules,Broken Rules,Dylan Langburt,bass; guitar
lftg-11-2012,LFTG 11 (2012),lftg-11-2012-broken-rules,Broken Rules,Mario Giulione,vocals
lftg-11-2012,LFTG 11 (2012),lftg-11-2012-broken-rules,Broken Rules,Mike Fitch,bass; guitar
lftg-11-2012,LFTG 11 (2012),lftg-11-2012-heavy-boots-of-lead,Heavy Boots Of Lead,Jay Bradley,drums
lftg-11-2012,LFTG 11 (2012),lftg-11-2012-heavy-boots-of-lead,Heavy Boots Of Lead,Jesse Lund,vocals
lftg-11-2012,LFTG 11 (2012),lftg-11-2012-heavy-boots-of-lead,Heavy Boots Of Lead,Jordan Edelstein,guitar
lftg-11-2012,LFTG 11 (2012),lftg-11-2012-heavy-boots-of-lead,Heavy Boots Of Lead,Mike Fitch,guitar
lftg-11-2012,LFTG 11 (2012),lftg-11-2012-heavy-boots-of-lead,Heavy Boots Of Lead,Sean Roberts,guitar
lftg-11-2012,LFTG 11 (2012),lftg-11-2012-the-country-cousins,The Country Cousins,Donna Malin,vocals
lftg-11-2012,LFTG 11 (2012),lftg-11-2012-the-country-cousins,The Country Cousins,Jay Bradley,drums
lftg-11-2012,LFTG 11 (2012),lftg-11-2012-the-country-cousins,The Country Cousins,Sean Madden,bass
lftg-11-2012,LFTG 11 (2012),lftg-11-2012-the-country-cousins,The Country Cousins,Tim Dougherty,guitar
lftg-11-2012,LFTG 11 (2012),lftg-11-2012-the-country-cousins,The Country Cousins,Wayne Hemsworth,guitar
lftg-11-2012,LFTG 11 (2012),lftg-11-2012-the-daft-devils,The Daft Devils,Ken Drummond,bass
lftg-11-2012,LFTG 11 (2012),lftg-11-2012-the-daft-devils,The Daft Devils,Kenny Drummond,guitar
lftg-11-2012,LFTG 11 (2012),lftg-11-2012-the-daft-devils,The Daft Devils,Marc Kimmel,vocals
lftg-11-2012,LFTG 11 (2012),lftg-11-2012-the-daft-devils,The Daft Devils,Mike Fitch,guitar
lftg-11-2012,LFTG 11 (2012),lftg-11-2012-the-daft-devils,The Daft Devils,Rob Drummond,guitar
lftg-11-2012,LFTG 11 (2012),lftg-11-2012-the-daft-devils,The Daft Devils,Shawn Payette,drums
lftg-11-2012,LFTG 11 (2012),lftg-11-2012-the-flu-fighters,The Flu Fighters,Doug Stein,drums
lftg-11-2012,LFTG 11 (2012),lftg-11-2012-the-flu-fighters,The Flu Fighters,Mario Giulione,vocals
lftg-11-2012,LFTG 11 (2012),lftg-11-2012-the-flu-fighters,The Flu Fighters,Matt Aisen,guitar
lftg-11-2012,LFTG 11 (2012),lftg-11-2012-the-flu-fighters,The Flu Fighters,Mike Fitch,guitar
lftg-11-2012,LFTG 11 (2012),lftg-11-2012-the-flu-fighters,The Flu Fighters,Zander Smith,bass
lftg-11-2012,LFTG 11 (2012),lftg-11-2012-the-infantry,The Infantry,Elia Nissan,guitar
lftg-11-2012,LFTG 11 (2012),lftg-11-2012-the-infantry,The Infantry,Mario Giulione,vocals
lftg-11-2012,LFTG 11 (2012),lftg-11-2012-the-infantry,The Infantry,Pascal Spiegler,guitar
lftg-11-2012,LFTG 11 (2012),lftg-11-2012-the-infantry,The Infantry,Patrick Houston,drums
lftg-11-2012,LFTG 11 (2012),lftg-11-2012-the-infantry,The Infantry,Simon Germain,guitar
lftg-11-2012,LFTG 11 (2012),lftg-11-2012-the-muted,The Muted,Anita Haurie,bass; guitar
lftg-11-2012,LFTG 11 (2012),lftg-11-2012-the-muted,The Muted,Erica Patulli,guitar
lftg-11-2012,LFTG 11 (2012),lftg-11-2012-the-muted,The Muted,Isabella Byrne,bass; guitar
lftg-11-2012,LFTG 11 (2012),lftg-11-2012-the-muted,The Muted,Matthew Patulli,drums
lftg-11-2012,LFTG 11 (2012),lftg-11-2012-the-muted,The Muted,Shane Brown,vocals
lftg-11-2012,LFTG 11 (2012),lftg-11-2012-the-muted,The Muted,Yasmine Kamen,bass; guitar
lftg-12-2013,LFTG 12 (2013),lftg-12-2013-detour,Detour,Anita Haurie,bass; guitar
lftg-12-2013,LFTG 12 (2013),lftg-12-2013-detour,Detour,Benjamin Wexler,guitar
lftg-12-2013,LFTG 12 (2013),lftg-12-2013-detour,Detour,David Greenstein,drums
lftg-12-2013,LFTG 12 (2013),lftg-12-2013-detour,Detour,Pascal Spiegler,guitar
lftg-12-2013,LFTG 12 (2013),lftg-12-2013-detour,Detour,Yasmine Kamen,bass; guitar
lftg-12-2013,LFTG 12 (2013),lftg-12-2013-moderately-trained-monkeys,Moderately Trained Monkeys,Allan Gilmour,guitar
lftg-12-2013,LFTG 12 (2013),lftg-12-2013-moderately-trained-monkeys,Moderately Trained Monkeys,Eric Black,bass
lftg-12-2013,LFTG 12 (2013),lftg-12-2013-moderately-trained-monkeys,Moderately Trained Monkeys,Jay Blumenstein,drums
lftg-12-2013,LFTG 12 (2013),lftg-12-2013-moderately-trained-monkeys,Moderately Trained Monkeys,Marc Kimmel,vocals
lftg-12-2013,LFTG 12 (2013),lftg-12-2013-moderately-trained-monkeys,Moderately Trained Monkeys,Marcel Aulls,guitar
lftg-12-2013,LFTG 12 (2013),lftg-12-2013-silver-city,Silver City,Jay Blumenstein,drums
lftg-12-2013,LFTG 12 (2013),lftg-12-2013-silver-city,Silver City,Jordan Edelstein,guitar
lftg-12-2013,LFTG 12 (2013),lftg-12-2013-silver-city,Silver City,Marc Kimmel,vocals
lftg-12-2013,LFTG 12 (2013),lftg-12-2013-silver-city,Silver City,Sean Roberts,guitar
lftg-12-2013,LFTG 12 (2013),lftg-12-2013-silver-city,Silver City,Simon Germain,guitar
lftg-12-2013,LFTG 12 (2013),lftg-12-2013-six-strings,Six Strings,Charley Hausknost,backing vocals
lftg-12-2013,LFTG 12 (2013),lftg-12-2013-six-strings,Six Strings,David Greenstein,guitar
lftg-12-2013,LFTG 12 (2013),lftg-12-2013-six-strings,Six Strings,Dominic Supino,guitar
lftg-12-2013,LFTG 12 (2013),lftg-12-2013-six-strings,Six Strings,Mario Giulione,vocals
lftg-12-2013,LFTG 12 (2013),lftg-12-2013-six-strings,Six Strings,Michael Sayegh,guitar
lftg-12-2013,LFTG 12 (2013),lftg-12-2013-six-strings,Six Strings,Ryan Ortizo,guitar
lftg-12-2013,LFTG 12 (2013),lftg-12-2013-the-daft-devils,The Daft Devils,Ken Drummond,bass
lftg-12-2013,LFTG 12 (2013),lftg-12-2013-the-daft-devils,The Daft Devils,Patrick Houston,drums
lftg-12-2013,LFTG 12 (2013),lftg-12-2013-the-daft-devils,The Daft Devils,Rob Drummond,guitar
lftg-12-2013,LFTG 12 (2013),lftg-12-2013-the-daft-devils,The Daft Devils,Wayne Hemsworth,guitar
lftg-12-2013,LFTG 12 (2013),lftg-12-2013-the-intruders,The Intruders,Doug Stein,drums
lftg-12-2013,LFTG 12 (2013),lftg-12-2013-the-intruders,The Intruders,Dylan Langburt,bass; guitar
lftg-12-2013,LFTG 12 (2013),lftg-12-2013-the-intruders,The Intruders,John Bowie,bass
lftg-12-2013,LFTG 12 (2013),lftg-12-2013-the-intruders,The Intruders,Matt Aisen,guitar
lftg-12-2013,LFTG 12 (2013),lftg-12-2013-the-intruders,The Intruders,Michael Langburt,bass; guitar
lftg-12-2013,LFTG 12 (2013),lftg-12-2013-the-switch,The Switch,Anita Haurie,bass; guitar
lftg-12-2013,LFTG 12 (2013),lftg-12-2013-the-switch,The Switch,Elia Nissan,guitar
lftg-12-2013,LFTG 12 (2013),lftg-12-2013-the-switch,The Switch,Erica Patulli,guitar
lftg-12-2013,LFTG 12 (2013),lftg-12-2013-the-switch,The Switch,Matthew Patulli,drums
lftg-12-2013,LFTG 12 (2013),lftg-12-2013-the-switch,The Switch,Yasmine Kamen,bass; guitar
lftg-13-2014,LFTG 13 (2014),lftg-13-2014-castle-sinister,Castle Sinister,David Greenstein,guitar
lftg-13-2014,LFTG 13 (2014),lftg-13-2014-castle-sinister,Castle Sinister,Dominic Supino,guitar
lftg-13-2014,LFTG 13 (2014),lftg-13-2014-castle-sinister,Castle Sinister,Eric Black,bass
lftg-13-2014,LFTG 13 (2014),lftg-13-2014-castle-sinister,Castle Sinister,Mario Giulione,vocals
lftg-13-2014,LFTG 13 (2014),lftg-13-2014-castle-sinister,Castle Sinister,Nadim Hashim,drums
lftg-13-2014,LFTG 13 (2014),lftg-13-2014-castle-sinister,Castle Sinister,Ryan Ortizo,guitar
lftg-13-2014,LFTG 13 (2014),lftg-13-2014-dark-eyes-of-london,Dark Eyes Of London,Doug Stein,drums
lftg-13-2014,LFTG 13 (2014),lftg-13-2014-dark-eyes-of-london,Dark Eyes Of London,Dylan Langburt,guitar
lftg-13-2014,LFTG 13 (2014),lftg-13-2014-dark-eyes-of-london,Dark Eyes Of London,Mario Giulione,vocals
lftg-13-2014,LFTG 13 (2014),lftg-13-2014-dark-eyes-of-london,Dark Eyes Of London,Matt Aisen,guitar
lftg-13-2014,LFTG 13 (2014),lftg-13-2014-dark-eyes-of-london,Dark Eyes Of London,Zander Smith,bass
lftg-13-2014,LFTG 13 (2014),lftg-13-2014-dr-x,Dr. X,Jake Kimmel,guitar
lftg-13-2014,LFTG 13 (2014),lftg-13-2014-dr-x,Dr. X,Jay Blumenstein,drums
lftg-13-2014,LFTG 13 (2014),lftg-13-2014-dr-x,Dr. X,John Bowie,bass
lftg-13-2014,LFTG 13 (2014),lftg-13-2014-dr-x,Dr. X,Marc Kimmel,vocals
lftg-13-2014,LFTG 13 (2014),lftg-13-2014-dr-x,Dr. X,Marcel Aulls,guitar
lftg-13-2014,LFTG 13 (2014),lftg-13-2014-dr-x,Dr. X,Matt Aisen,guitar
lftg-13-2014,LFTG 13 (2014),lftg-13-2014-lost-souls,Lost Souls,Anita Haurie,bass; guitar
lftg-13-2014,LFTG 13 (2014),lftg-13-2014-lost-souls,Lost Souls,Elia Nissan,guitar
lftg-13-2014,LFTG 13 (2014),lftg-13-2014-lost-souls,Lost Souls,Erica Patulli,guitar
lftg-13-2014,LFTG 13 (2014),lftg-13-2014-lost-souls,Lost Souls,Matthew Patulli,drums
lftg-13-2014,LFTG 13 (2014),lftg-13-2014-lost-souls,Lost Souls,Yasmine Kamen,bass; guitar
lftg-13-2014,LFTG 13 (2014),lftg-13-2014-night-of-terror,Night Of Terror,Jay Blumenstein,drums
lftg-13-2014,LFTG 13 (2014),lftg-13-2014-night-of-terror,Night Of Terror,John Bowie,bass
lftg-13-2014,LFTG 13 (2014),lftg-13-2014-night-of-terror,Night Of Terror,Jordan Edelstein,guitar
lftg-13-2014,LFTG 13 (2014),lftg-13-2014-night-of-terror,Night Of Terror,Mario Giulione,vocals
lftg-13-2014,LFTG 13 (2014),lftg-13-2014-night-of-terror,Night Of Terror,Sean Roberts,guitar
lftg-13-2014,LFTG 13 (2014),lftg-13-2014-night-of-terror,Night Of Terror,Simon Germain,guitar
lftg-13-2014,LFTG 13 (2014),lftg-13-2014-the-phantoms,The Phantoms,Benjamin Cere,guitar
lftg-13-2014,LFTG 13 (2014),lftg-13-2014-the-phantoms,The Phantoms,Benjamin Wexler,guitar
lftg-13-2014,LFTG 13 (2014),lftg-13-2014-the-phantoms,The Phantoms,David Greenstein,drums
lftg-13-2014,LFTG 13 (2014),lftg-13-2014-the-phantoms,The Phantoms,Finn Brennan-Krip,guitar
lftg-13-2014,LFTG 13 (2014),lftg-13-2014-the-phantoms,The Phantoms,Henry Rebellati-Mitnick,guitar
lftg-13-2014,LFTG 13 (2014),lftg-13-2014-the-phantoms,The Phantoms,Howard Mitnick,bass
lftg-13-2014,LFTG 13 (2014),lftg-13-2014-the-phantoms,The Phantoms,Jeremy Wexler,sound effects
lftg-13-2014,LFTG 13 (2014),lftg-13-2014-the-phantoms,The Phantoms,Lev Wexler,guitar
lftg-13-2014,LFTG 13 (2014),lftg-13-2014-the-phantoms,The Phantoms,Malcolm Findlay,sax
lftg-14-2015,LFTG 14 (2015),lftg-14-2015-armageddon-flame,Armageddon Flame,Ethan Kimmel,guitar; vocals
lftg-14-2015,LFTG 14 (2015),lftg-14-2015-armageddon-flame,Armageddon Flame,Jake Kimmel,guitar
lftg-14-2015,LFTG 14 (2015),lftg-14-2015-armageddon-flame,Armageddon Flame,Jay Blumenstein,drums
lftg-14-2015,LFTG 14 (2015),lftg-14-2015-armageddon-flame,Armageddon Flame,John Bowie,bass
lftg-14-2015,LFTG 14 (2015),lftg-14-2015-armageddon-flame,Armageddon Flame,Marc Kimmel,vocals
lftg-14-2015,LFTG 14 (2015),lftg-14-2015-carmen-and-the-devil,Carmen and The Devil,Angus Carmichael,guitar
lftg-14-2015,LFTG 14 (2015),lftg-14-2015-carmen-and-the-devil,Carmen and The Devil,Annie Delaney,guitar; vocals
lftg-14-2015,LFTG 14 (2015),lftg-14-2015-carmen-and-the-devil,Carmen and The Devil,Charles Phelan,drums
lftg-14-2015,LFTG 14 (2015),lftg-14-2015-carmen-and-the-devil,Carmen and The Devil,Colette Blain,bass
lftg-14-2015,LFTG 14 (2015),lftg-14-2015-carmen-and-the-devil,Carmen and The Devil,Eileen O'Reilly,guitar; vocals
lftg-14-2015,LFTG 14 (2015),lftg-14-2015-carmen-and-the-devil,Carmen and The Devil,Irwin Edelstein,guitar
lftg-14-2015,LFTG 14 (2015),lftg-14-2015-carmen-and-the-devil,Carmen and The Devil,Linda Jewers,vocals
lftg-14-2015,LFTG 14 (2015),lftg-14-2015-carmen-and-the-devil,Carmen and The Devil,Rachelle Lapointe,guitar
lftg-14-2015,LFTG 14 (2015),lftg-14-2015-carmen-and-the-devil,Carmen and The Devil,Sean Roberts,guitar
lftg-14-2015,LFTG 14 (2015),lftg-14-2015-marie-kametani,Marie Kametani,Marie Kametani,
lftg-14-2015,LFTG 14 (2015),lftg-14-2015-piltdown-man,Piltdown Man,Benjamin Wexler,guitar
lftg-14-2015,LFTG 14 (2015),lftg-14-2015-piltdown-man,Piltdown Man,Henry Rebellati-Mitnick,drums
lftg-14-2015,LFTG 14 (2015),lftg-14-2015-piltdown-man,Piltdown Man,Howard Mitnick,bass
lftg-14-2015,LFTG 14 (2015),lftg-14-2015-piltdown-man,Piltdown Man,Lev Wexler,guitar
lftg-14-2015,LFTG 14 (2015),lftg-14-2015-street-spirit,Street Spirit,Fred Bouchard,drums
lftg-14-2015,LFTG 14 (2015),lftg-14-2015-street-spirit,Street Spirit,John Bowie,bass
lftg-14-2015,LFTG 14 (2015),lftg-14-2015-street-spirit,Street Spirit,Marcel Aulls,guitar
lftg-14-2015,LFTG 14 (2015),lftg-14-2015-street-spirit,Street Spirit,Mario Giulione,vocals
lftg-14-2015,LFTG 14 (2015),lftg-14-2015-street-spirit,Street Spirit,Mike Fitch,guitar
lftg-14-2015,LFTG 14 (2015),lftg-14-2015-the-unknown,The Unknown,Anna Chuprun,guitar
lftg-14-2015,LFTG 14 (2015),lftg-14-2015-the-unknown,The Unknown,Benjamin Cere,guitar
lftg-14-2015,LFTG 14 (2015),lftg-14-2015-the-unknown,The Unknown,Clara Stewart,drums
lftg-14-2015,LFTG 14 (2015),lftg-14-2015-the-unknown,The Unknown,Elia Nissan,bass
lftg-14-2015,LFTG 14 (2015),lftg-14-2015-the-unknown,The Unknown,Finn Brennan-Krip,guitar
lftg-14-2015,LFTG 14 (2015),lftg-14-2015-tracy-island,Tracy Island,Anita Haurie,bass; guitar
lftg-14-2015,LFTG 14 (2015),lftg-14-2015-tracy-island,Tracy Island,Elia Nissan,bass; guitar
lftg-14-2015,LFTG 14 (2015),lftg-14-2015-tracy-island,Tracy Island,Mario Giulione,vocals
lftg-14-2015,LFTG 14 (2015),lftg-14-2015-tracy-island,Tracy Island,Matthew Patulli,drums
lftg-14-2015,LFTG 14 (2015),lftg-14-2015-near-dawn,Near Dawn,Eric Black,bass
lftg-14-2015,LFTG 14 (2015),lftg-14-2015-near-dawn,Near Dawn,Jay Blumenstein,drums
lftg-14-2015,LFTG 14 (2015),lftg-14-2015-near-dawn,Near Dawn,Benjamin Cere,guitar
lftg-14-2015,LFTG 14 (2015),lftg-14-2015-near-dawn,Near Dawn,Jordan Edelstein,guitar
lftg-14-2015,LFTG 14 (2015),lftg-14-2015-near-dawn,Near Dawn,Max Ezerzer,guitar
lftg-14-2015,LFTG 14 (2015),lftg-14-2015-near-dawn,Near Dawn,Sean Roberts,guitar
lftg-14-2015,LFTG 14 (2015),lftg-14-2015-near-dawn,Near Dawn,Mario Giulione,vocals
lftg-15-2016,LFTG 15 (2016),lftg-15-2016-man-on-the-scene,Man On The Scene,Benjamin Cere,
lftg-15-2016,LFTG 15 (2016),lftg-15-2016-man-on-the-scene,Man On The Scene,Bruce Pascal,
lftg-15-2016,LFTG 15 (2016),lftg-15-2016-man-on-the-scene,Man On The Scene,Conrad Corning,
lftg-15-2016,LFTG 15 (2016),lftg-15-2016-man-on-the-scene,Man On The Scene,Jonah Levy,
lftg-15-2016,LFTG 15 (2016),lftg-15-2016-man-on-the-scene,Man On The Scene,Jordan Edelstein,
lftg-15-2016,LFTG 15 (2016),lftg-15-2016-man-on-the-scene,Man On The Scene,Marc Kimmel,
lftg-15-2016,LFTG 15 (2016),lftg-15-2016-man-on-the-scene,Man On The Scene,Matthew Patulli,
lftg-15-2016,LFTG 15 (2016),lftg-15-2016-one-way-ticket,One Way Ticket,Anna Chuprun,
lftg-15-2016,LFTG 15 (2016),lftg-15-2016-one-way-ticket,One Way Ticket,Clara Stewart,
lftg-15-2016,LFTG 15 (2016),lftg-15-2016-one-way-ticket,One Way Ticket,Elia Nissan,
lftg-15-2016,LFTG 15 (2016),lftg-15-2016-one-way-ticket,One Way Ticket,Finn Brennan-Krip,
lftg-15-2016,LFTG 15 (2016),lftg-15-2016-one-way-ticket,One Way Ticket,Mario Giulione,
lftg-15-2016,LFTG 15 (2016),lftg-15-2016-ripped-at-the-seams,Ripped At The Seams,Doug Stein,
lftg-15-2016,LFTG 15 (2016),lftg-15-2016-ripped-at-the-seams,Ripped At The Seams,Dylan Kimmel,
lftg-15-2016,LFTG 15 (2016),lftg-15-2016-ripped-at-the-seams,Ripped At The Seams,Ethan Kimmel,
lftg-15-2016,LFTG 15 (2016),lftg-15-2016-ripped-at-the-seams,Ripped At The Seams,Jake Kimmel,
lftg-15-2016,LFTG 15 (2016),lftg-15-2016-ripped-at-the-seams,Ripped At The Seams,Jasmine Stein Webb,
lftg-15-2016,LFTG 15 (2016),lftg-15-2016-ripped-at-the-seams,Ripped At The Seams,John Bowie,
lftg-15-2016,LFTG 15 (2016),lftg-15-2016-ripped-at-the-seams,Ripped At The Seams,Marc Kimmel,
lftg-15-2016,LFTG 15 (2016),lftg-15-2016-supersonic-twist,Supersonic Twist,Aiden Chabot,
lftg-15-2016,LFTG 15 (2016),lftg-15-2016-supersonic-twist,Supersonic Twist,Charlie Etinson,
lftg-15-2016,LFTG 15 (2016),lftg-15-2016-supersonic-twist,Supersonic Twist,Henry Rebellati-Mitnick,
lftg-15-2016,LFTG 15 (2016),lftg-15-2016-supersonic-twist,Supersonic Twist,Howard Mitnick,
lftg-15-2016,LFTG 15 (2016),lftg-15-2016-supersonic-twist,Supersonic Twist,Lev Wexler,
lftg-15-2016,LFTG 15 (2016),lftg-15-2016-the-daft-devils,The Daft Devils,Jay Blumenstein,
lftg-15-2016,LFTG 15 (2016),lftg-15-2016-the-daft-devils,The Daft Devils,Ken Drummond,
lftg-15-2016,LFTG 15 (2016),lftg-15-2016-the-daft-devils,The Daft Devils,Mario Giulione,
lftg-15-2016,LFTG 15 (2016),lftg-15-2016-the-daft-devils,The Daft Devils,Mike Fitch,
lftg-15-2016,LFTG 15 (2016),lftg-15-2016-the-daft-devils,The Daft Devils,Rob Drummond,
lftg-15-2016,LFTG 15 (2016),lftg-15-2016-the-haiverers,The Haiverers,Angus Carmichael,
lftg-15-2016,LFTG 15 (2016),lftg-15-2016-the-haiverers,The Haiverers,Bruce Pascal,
lftg-15-2016,LFTG 15 (2016),lftg-15-2016-the-haiverers,The Haiverers,Charles Phelan,
lftg-15-2016,LFTG 15 (2016),lftg-15-2016-the-haiverers,The Haiverers,Dan Laxer,
lftg-15-2016,LFTG 15 (2016),lftg-15-2016-the-haiverers,The Haiverers,Dominic Supino,
lftg-15-2016,LFTG 15 (2016),lftg-15-2016-the-haiverers,The Haiverers,Irwin Edelstein,
lftg-15-2016,LFTG 15 (2016),lftg-15-2016-the-zoot-suits,The Zoot Suits,Bruce Pascal,
lftg-15-2016,LFTG 15 (2016),lftg-15-2016-the-zoot-suits,The Zoot Suits,Matt Aisen,
lftg-15-2016,LFTG 15 (2016),lftg-15-2016-the-zoot-suits,The Zoot Suits,Matthew Patulli,
lftg-15-2016,LFTG 15 (2016),lftg-15-2016-throwing-knives,Throwing Knives,Jay Blumenstein,
lftg-15-2016,LFTG 15 (2016),lftg-15-2016-throwing-knives,Throwing Knives,John Bowie,
lftg-15-2016,LFTG 15 (2016),lftg-15-2016-throwing-knives,Throwing Knives,Marc Kimmel,
lftg-15-2016,LFTG 15 (2016),lftg-15-2016-throwing-knives,Throwing Knives,Marcel Aulls,
lftg-15-2016,LFTG 15 (2016),lftg-15-2016-throwing-knives,Throwing Knives,Matt Aisen,
lftg-16-2017,LFTG 16 (2017),lftg-16-2017-1000-stars,1000 Stars,Aimee Ben-Jacob,
lftg-16-2017,LFTG 16 (2017),lftg-16-2017-1000-stars,1000 Stars,Anna Chuprun,
lftg-16-2017,LFTG 16 (2017),lftg-16-2017-1000-stars,1000 Stars,Charles Phelan,
lftg-16-2017,LFTG 16 (2017),lftg-16-2017-1000-stars,1000 Stars,Elia Nissan,
lftg-16-2017,LFTG 16 (2017),lftg-16-2017-1000-stars,1000 Stars,Finn Brennan-Krip,
lftg-16-2017,LFTG 16 (2017),lftg-16-2017-1000-stars,1000 Stars,Jasmine Stein Webb,
lftg-16-2017,LFTG 16 (2017),lftg-16-2017-1000-stars,1000 Stars,Mario Giulione,
lftg-16-2017,LFTG 16 (2017),lftg-16-2017-listen-bud,Listen Bud,Charlie Etinson,
lftg-16-2017,LFTG 16 (2017),lftg-16-2017-listen-bud,Listen Bud,Henry Rebellati-Mitnick,
lftg-16-2017,LFTG 16 (2017),lftg-16-2017-listen-bud,Listen Bud,Howard Mitnick,
lftg-16-2017,LFTG 16 (2017),lftg-16-2017-listen-bud,Listen Bud,James Stein Webb,
lftg-16-2017,LFTG 16 (2017),lftg-16-2017-listen-bud,Listen Bud,Leo Mitnick,
lftg-16-2017,LFTG 16 (2017),lftg-16-2017-listen-bud,Listen Bud,Lev Wexler,
lftg-16-2017,LFTG 16 (2017),lftg-16-2017-listen-bud,Listen Bud,Sasha Sebe,
lftg-16-2017,LFTG 16 (2017),lftg-16-2017-psychic-spies,Psychic Spies,Mario Giulione,
lftg-16-2017,LFTG 16 (2017),lftg-16-2017-psychic-spies,Psychic Spies,Benjamin Cere,
lftg-16-2017,LFTG 16 (2017),lftg-16-2017-psychic-spies,Psychic Spies,James-Matthew Patulli,
lftg-16-2017,LFTG 16 (2017),lftg-16-2017-psychic-spies,Psychic Spies,Sami Sugiarta,
lftg-16-2017,LFTG 16 (2017),lftg-16-2017-psychic-spies,Psychic Spies,Sean Ali-Tse,
lftg-16-2017,LFTG 16 (2017),lftg-16-2017-richard-said,Richard Said,Dan Laxer,
lftg-16-2017,LFTG 16 (2017),lftg-16-2017-richard-said,Richard Said,Dominic Supino,
lftg-16-2017,LFTG 16 (2017),lftg-16-2017-richard-said,Richard Said,Irwin Edelstein,
lftg-16-2017,LFTG 16 (2017),lftg-16-2017-richard-said,Richard Said,Jay Blumenstein,
lftg-16-2017,LFTG 16 (2017),lftg-16-2017-richard-said,Richard Said,Ken Drummond,
lftg-16-2017,LFTG 16 (2017),lftg-16-2017-richard-said,Richard Said,Mario Giulione,
lftg-16-2017,LFTG 16 (2017),lftg-16-2017-richard-said,Richard Said,Angus Carmichael,
lftg-16-2017,LFTG 16 (2017),lftg-16-2017-richard-said,Richard Said,Rob Drummond,
lftg-16-2017,LFTG 16 (2017),lftg-16-2017-street-spirit,Street Spirit,Doug Stein,
lftg-16-2017,LFTG 16 (2017),lftg-16-2017-street-spirit,Street Spirit,John Bowie,
lftg-16-2017,LFTG 16 (2017),lftg-16-2017-street-spirit,Street Spirit,Mario Giulione,
lftg-16-2017,LFTG 16 (2017),lftg-16-2017-street-spirit,Street Spirit,Mike Fitch,
lftg-16-2017,LFTG 16 (2017),lftg-16-2017-the-lawn-mowers,The Lawn Mowers,Benjamin Cere,
lftg-16-2017,LFTG 16 (2017),lftg-16-2017-the-lawn-mowers,The Lawn Mowers,Doug Stein,
lftg-16-2017,LFTG 16 (2017),lftg-16-2017-the-lawn-mowers,The Lawn Mowers,Ethan Kimmel,
lftg-16-2017,LFTG 16 (2017),lftg-16-2017-the-lawn-mowers,The Lawn Mowers,John Bowie,
lftg-16-2017,LFTG 16 (2017),lftg-16-2017-the-lawn-mowers,The Lawn Mowers,Marc Kimmel,
lftg-16-2017,LFTG 16 (2017),lftg-16-2017-the-lawn-mowers,The Lawn Mowers,Marcel Aulls,
lftg-16-2017,LFTG 16 (2017),lftg-16-2017-the-lawn-mowers,The Lawn Mowers,Matt Aisen,
lftg-16-2017,LFTG 16 (2017),lftg-16-2017-thm,THM,Le Huan Tran,
lftg-16-2017,LFTG 16 (2017),lftg-16-2017-thm,THM,Zografos Caramanos,
lftg-17-2018,LFTG 17 (2018),lftg-17-2018-charm-city,Charm City,Emma Tabah,
lftg-17-2018,LFTG 17 (2018),lftg-17-2018-charm-city,Charm City,Evan Bowie,
lftg-17-2018,LFTG 17 (2018),lftg-17-2018-charm-city,Charm City,Griffin Patterson,
lftg-17-2018,LFTG 17 (2018),lftg-17-2018-charm-city,Charm City,James Stein Webb,
lftg-17-2018,LFTG 17 (2018),lftg-17-2018-charm-city,Charm City,John Bowie,
lftg-17-2018,LFTG 17 (2018),lftg-17-2018-charm-city,Charm City,Leo Mitnick,
lftg-17-2018,LFTG 17 (2018),lftg-17-2018-charm-city,Charm City,Sasha Sebe,
lftg-17-2018,LFTG 17 (2018),lftg-17-2018-day-glo-jones,Day-Glo Jones,Doug Stein,
lftg-17-2018,LFTG 17 (2018),lftg-17-2018-day-glo-jones,Day-Glo Jones,Ethan Kimmel,
lftg-17-2018,LFTG 17 (2018),lftg-17-2018-day-glo-jones,Day-Glo Jones,John Bowie,
lftg-17-2018,LFTG 17 (2018),lftg-17-2018-day-glo-jones,Day-Glo Jones,Marc Kimmel,
lftg-17-2018,LFTG 17 (2018),lftg-17-2018-day-glo-jones,Day-Glo Jones,Marcel Aulls,
lftg-17-2018,LFTG 17 (2018),lftg-17-2018-day-glo-jones,Day-Glo Jones,Steven Lubotta,
lftg-17-2018,LFTG 17 (2018),lftg-17-2018-echo-and-sway,Echo And Sway,Charles Phelan,
lftg-17-2018,LFTG 17 (2018),lftg-17-2018-echo-and-sway,Echo And Sway,Dominic Supino,
lftg-17-2018,LFTG 17 (2018),lftg-17-2018-echo-and-sway,Echo And Sway,Irwin Edelstein,
lftg-17-2018,LFTG 17 (2018),lftg-17-2018-echo-and-sway,Echo And Sway,Ken Drummond,
lftg-17-2018,LFTG 17 (2018),lftg-17-2018-echo-and-sway,Echo And Sway,Marc Kimmel,
lftg-17-2018,LFTG 17 (2018),lftg-17-2018-echo-and-sway,Echo And Sway,Rob Drummond,
lftg-17-2018,LFTG 17 (2018),lftg-17-2018-the-clashroom,The Clashroom,Benjamin Cere,
lftg-17-2018,LFTG 17 (2018),lftg-17-2018-the-clashroom,The Clashroom,Benjamin Mak,
lftg-17-2018,LFTG 17 (2018),lftg-17-2018-the-clashroom,The Clashroom,Carly Leblanc,
lftg-17-2018,LFTG 17 (2018),lftg-17-2018-the-clashroom,The Clashroom,Henry Rebellati-Mitnick,
lftg-17-2018,LFTG 17 (2018),lftg-17-2018-the-clashroom,The Clashroom,Sam Bock,
lftg-17-2018,LFTG 17 (2018),lftg-17-2018-the-mission-bell,The Mission Bell,Aimee Ben-Jacob,
lftg-17-2018,LFTG 17 (2018),lftg-17-2018-the-mission-bell,The Mission Bell,Anna Chuprun,
lftg-17-2018,LFTG 17 (2018),lftg-17-2018-the-mission-bell,The Mission Bell,Elia Nissan,
lftg-17-2018,LFTG 17 (2018),lftg-17-2018-the-mission-bell,The Mission Bell,Finn Brennan-Krip,
lftg-17-2018,LFTG 17 (2018),lftg-17-2018-the-mission-bell,The Mission Bell,Jasmine Stein Webb,
lftg-17-2018,LFTG 17 (2018),lftg-17-2018-the-mission-bell,The Mission Bell,Jay Blumenstein,
lftg-17-2018,LFTG 17 (2018),lftg-17-2018-the-mission-bell,The Mission Bell,Leon Uchoa,
lftg-17-2018,LFTG 17 (2018),lftg-17-2018-yellow-tigers,Yellow Tigers,Benjamin Cere,
lftg-17-2018,LFTG 17 (2018),lftg-17-2018-yellow-tigers,Yellow Tigers,Jay Blumenstein,
lftg-17-2018,LFTG 17 (2018),lftg-17-2018-yellow-tigers,Yellow Tigers,Mario Giulione,
lftg-17-2018,LFTG 17 (2018),lftg-17-2018-yellow-tigers,Yellow Tigers,Sami Sugiarta,
lftg-17-2018,LFTG 17 (2018),lftg-17-2018-yellow-tigers,Yellow Tigers,Sean Ali-Tse,
lftg-18-2019,LFTG 18 (2019),lftg-18-2019-confused-and-bruised,Confused And Bruised,Emma Tabah,
lftg-18-2019,LFTG 18 (2019),lftg-18-2019-confused-and-bruised,Confused And Bruised,Evan Bowie,
lftg-18-2019,LFTG 18 (2019),lftg-18-2019-confused-and-bruised,Confused And Bruised,Jay Blumenstein,
lftg-18-2019,LFTG 18 (2019),lftg-18-2019-confused-and-bruised,Confused And Bruised,John Bowie,
lftg-18-2019,LFTG 18 (2019),lftg-18-2019-confused-and-bruised,Confused And Bruised,Lara Atabek,
lftg-18-2019,LFTG 18 (2019),lftg-18-2019-confused-and-bruised,Confused And Bruised,Mario Giulione,
lftg-18-2019,LFTG 18 (2019),lftg-18-2019-confused-and-bruised,Confused And Bruised,Sarah Daumas,
lftg-18-2019,LFTG 18 (2019),lftg-18-2019-confused-and-bruised,Confused And Bruised,Sasha Sebe,
lftg-18-2019,LFTG 18 (2019),lftg-18-2019-crossfire-hurricane,Crossfire Hurricane,Dan Laxer,
lftg-18-2019,LFTG 18 (2019),lftg-18-2019-crossfire-hurricane,Crossfire Hurricane,Dominic Supino,
lftg-18-2019,LFTG 18 (2019),lftg-18-2019-crossfire-hurricane,Crossfire Hurricane,Flavio Nahas,
lftg-18-2019,LFTG 18 (2019),lftg-18-2019-crossfire-hurricane,Crossfire Hurricane,Irwin Edelstein,
lftg-18-2019,LFTG 18 (2019),lftg-18-2019-crossfire-hurricane,Crossfire Hurricane,Ken Drummond,
lftg-18-2019,LFTG 18 (2019),lftg-18-2019-crossfire-hurricane,Crossfire Hurricane,Rob Drummond,
lftg-18-2019,LFTG 18 (2019),lftg-18-2019-fast-machine,Fast Machine,Benjamin Cere,
lftg-18-2019,LFTG 18 (2019),lftg-18-2019-fast-machine,Fast Machine,James Simpkin,
lftg-18-2019,LFTG 18 (2019),lftg-18-2019-fast-machine,Fast Machine,Joaquin De Pol,
lftg-18-2019,LFTG 18 (2019),lftg-18-2019-fast-machine,Fast Machine,Michael O'hanley,
lftg-18-2019,LFTG 18 (2019),lftg-18-2019-fast-machine,Fast Machine,Peter Cervini,
lftg-18-2019,LFTG 18 (2019),lftg-18-2019-fast-machine,Fast Machine,Sean Ali-Tse,
lftg-18-2019,LFTG 18 (2019),lftg-18-2019-pretty-liar,Pretty Liar,Carly Leblanc,
lftg-18-2019,LFTG 18 (2019),lftg-18-2019-pretty-liar,Pretty Liar,Elia Nissan,
lftg-18-2019,LFTG 18 (2019),lftg-18-2019-pretty-liar,Pretty Liar,Finn Brennan-Krip,
lftg-18-2019,LFTG 18 (2019),lftg-18-2019-pretty-liar,Pretty Liar,Jasmine Stein Webb,
lftg-18-2019,LFTG 18 (2019),lftg-18-2019-pretty-liar,Pretty Liar,Jay Blumenstein,
lftg-18-2019,LFTG 18 (2019),lftg-18-2019-sticky-trigger,Sticky Trigger,Doug Stein,
lftg-18-2019,LFTG 18 (2019),lftg-18-2019-sticky-trigger,Sticky Trigger,Ethan Kimmel,
lftg-18-2019,LFTG 18 (2019),lftg-18-2019-sticky-trigger,Sticky Trigger,John Bowie,
lftg-18-2019,LFTG 18 (2019),lftg-18-2019-sticky-trigger,Sticky Trigger,Marc Kimmel,
lftg-18-2019,LFTG 18 (2019),lftg-18-2019-sticky-trigger,Sticky Trigger,Marcel Aulls,
lftg-18-2019,LFTG 18 (2019),lftg-18-2019-sticky-trigger,Sticky Trigger,Steven Lubotta,
lftg-18-2019,LFTG 18 (2019),lftg-18-2019-the-clashroom,The Clashroom,Ben Bisaillon,
lftg-18-2019,LFTG 18 (2019),lftg-18-2019-the-clashroom,The Clashroom,Benjamin Cere,
lftg-18-2019,LFTG 18 (2019),lftg-18-2019-the-clashroom,The Clashroom,Benjamin Mak,
lftg-18-2019,LFTG 18 (2019),lftg-18-2019-the-clashroom,The Clashroom,Carly Leblanc,
lftg-18-2019,LFTG 18 (2019),lftg-18-2019-the-clashroom,The Clashroom,Henry Rebellati-Mitnick,
lftg-18-2019,LFTG 18 (2019),lftg-18-2019-the-clashroom,The Clashroom,Jackson Hawes,
lftg-18-2019,LFTG 18 (2019),lftg-18-2019-the-dicky-birds,The Dicky Birds,Ben Hopper,
lftg-18-2019,LFTG 18 (2019),lftg-18-2019-the-dicky-birds,The Dicky Birds,Fergus Nolan,
lftg-18-2019,LFTG 18 (2019),lftg-18-2019-the-dicky-birds,The Dicky Birds,Jake Philippas,
lftg-18-2019,LFTG 18 (2019),lftg-18-2019-the-dicky-birds,The Dicky Birds,Thomas Hopper,
lftg-18-2019,LFTG 18 (2019),lftg-18-2019-the-secret-chords,The Secret Chords,James-Matthew Patulli,
lftg-18-2019,LFTG 18 (2019),lftg-18-2019-the-secret-chords,The Secret Chords,Mason Pascal,
lftg-18-2019,LFTG 18 (2019),lftg-18-2019-the-secret-chords,The Secret Chords,Matt Aisen,
lftg-18-2019,LFTG 18 (2019),lftg-18-2019-toaster-ghosts,Toaster Ghosts,Aimee Ben-Jacob,
lftg-18-2019,LFTG 18 (2019),lftg-18-2019-toaster-ghosts,Toaster Ghosts,Elijah Morson,
lftg-18-2019,LFTG 18 (2019),lftg-18-2019-toaster-ghosts,Toaster Ghosts,Ethan Mackay,
lftg-18-2019,LFTG 18 (2019),lftg-18-2019-toaster-ghosts,Toaster Ghosts,Eva Nolan,
lftg-18-2019,LFTG 18 (2019),lftg-18-2019-toaster-ghosts,Toaster Ghosts,Zayd Al-Fakhuri,
lftg-19-2020,LFTG 19 (2020),lftg-19-2020-crossfire-hurricane,Crossfire Hurricane,Dan Laxer,
lftg-19-2020,LFTG 19 (2020),lftg-19-2020-crossfire-hurricane,Crossfire Hurricane,Dominic Supino,
lftg-19-2020,LFTG 19 (2020),lftg-19-2020-crossfire-hurricane,Crossfire Hurricane,Irwin Edelstein,
lftg-19-2020,LFTG 19 (2020),lftg-19-2020-crossfire-hurricane,Crossfire Hurricane,James-Matthew Patulli,
lftg-19-2020,LFTG 19 (2020),lftg-19-2020-crossfire-hurricane,Crossfire Hurricane,Mike Fitch,
lftg-19-2020,LFTG 19 (2020),lftg-19-2020-hard-luck,Hard Luck,Doug Stein,
lftg-19-2020,LFTG 19 (2020),lftg-19-2020-hard-luck,Hard Luck,John Bowie,
lftg-19-2020,LFTG 19 (2020),lftg-19-2020-hard-luck,Hard Luck,Marcel Aulls,
lftg-19-2020,LFTG 19 (2020),lftg-19-2020-hard-luck,Hard Luck,Mario Giulione,
lftg-19-2020,LFTG 19 (2020),lftg-19-2020-hard-luck,Hard Luck,Noam Alon,
lftg-19-2020,LFTG 19 (2020),lftg-19-2020-hard-luck,Hard Luck,Rob Drummond,
lftg-19-2020,LFTG 19 (2020),lftg-19-2020-sonic-shower,Sonic Shower,Aidan Rosenberg,
lftg-19-2020,LFTG 19 (2020),lftg-19-2020-sonic-shower,Sonic Shower,Carly Leblanc,
lftg-19-2020,LFTG 19 (2020),lftg-19-2020-sonic-shower,Sonic Shower,Ceren Unal,
lftg-19-2020,LFTG 19 (2020),lftg-19-2020-sonic-shower,Sonic Shower,Geordie Buch-Frohlich,
lftg-19-2020,LFTG 19 (2020),lftg-19-2020-sonic-shower,Sonic Shower,Lara Atabek,
lftg-19-2020,LFTG 19 (2020),lftg-19-2020-sonic-shower,Sonic Shower,Mehmet Babahan,
lftg-19-2020,LFTG 19 (2020),lftg-19-2020-sonic-shower,Sonic Shower,Noah Zigby,
lftg-19-2020,LFTG 19 (2020),lftg-19-2020-soul-slide,Soul Slide,Bruce Pascal,
lftg-19-2020,LFTG 19 (2020),lftg-19-2020-soul-slide,Soul Slide,Cedric Rolland,
lftg-19-2020,LFTG 19 (2020),lftg-19-2020-soul-slide,Soul Slide,Doug Stein,
lftg-19-2020,LFTG 19 (2020),lftg-19-2020-soul-slide,Soul Slide,Ethan Kimmel,
lftg-19-2020,LFTG 19 (2020),lftg-19-2020-soul-slide,Soul Slide,Jonah Smith,
lftg-19-2020,LFTG 19 (2020),lftg-19-2020-soul-slide,Soul Slide,Marc Kimmel,
lftg-19-2020,LFTG 19 (2020),lftg-19-2020-the-5-15,The 5:15,Doug Stein,
lftg-19-2020,LFTG 19 (2020),lftg-19-2020-the-5-15,The 5:15,John Bowie,
lftg-19-2020,LFTG 19 (2020),lftg-19-2020-the-5-15,The 5:15,Marc Kimmel,
lftg-19-2020,LFTG 19 (2020),lftg-19-2020-the-5-15,The 5:15,Matt Aisen,
lftg-19-2020,LFTG 19 (2020),lftg-19-2020-the-5-15,The 5:15,Steve Lubotta,
lftg-19-2020,LFTG 19 (2020),lftg-19-2020-the-clashroom,The Clashroom,Ben Bisaillon,Bass
lftg-19-2020,LFTG 19 (2020),lftg-19-2020-the-clashroom,The Clashroom,Benjamin Cere,Guitar
lftg-19-2020,LFTG 19 (2020),lftg-19-2020-the-clashroom,The Clashroom,Benjamin Mak,Guitar
lftg-19-2020,LFTG 19 (2020),lftg-19-2020-the-clashroom,The Clashroom,Carly Leblanc,Vocals
lftg-19-2020,LFTG 19 (2020),lftg-19-2020-the-clashroom,The Clashroom,Henry Rebellati-Mitnick,Guitar
lftg-19-2020,LFTG 19 (2020),lftg-19-2020-the-dicky-birds,The Dicky Birds,Ben Hopper,
lftg-19-2020,LFTG 19 (2020),lftg-19-2020-the-dicky-birds,The Dicky Birds,Fergus Nolan,
lftg-19-2020,LFTG 19 (2020),lftg-19-2020-the-dicky-birds,The Dicky Birds,Mike Fitch,
lftg-19-2020,LFTG 19 (2020),lftg-19-2020-the-dicky-birds,The Dicky Birds,Quincy Philippas,
lftg-19-2020,LFTG 19 (2020),lftg-19-2020-the-dicky-birds,The Dicky Birds,Thomas Hopper,
lftg-19-2020,LFTG 19 (2020),lftg-19-2020-the-only-lights,The Only Lights,Benjamin Groth,
lftg-19-2020,LFTG 19 (2020),lftg-19-2020-the-only-lights,The Only Lights,Edwin Roberts,
lftg-19-2020,LFTG 19 (2020),lftg-19-2020-the-only-lights,The Only Lights,Ella Wolput,
lftg-19-2020,LFTG 19 (2020),lftg-19-2020-the-only-lights,The Only Lights,James-Matthew Patulli,
lftg-19-2020,LFTG 19 (2020),lftg-19-2020-the-only-lights,The Only Lights,Jasmine Stein Webb,
lftg-19-2020,LFTG 19 (2020),lftg-19-2020-the-only-lights,The Only Lights,Mike Fitch,
lftg-19-2020,LFTG 19 (2020),lftg-19-2020-the-only-lights,The Only Lights,Nora Plante,
lftg-19-2020,LFTG 19 (2020),lftg-19-2020-the-only-lights,The Only Lights,Sammy Rupert,
lftg-19-2020,LFTG 19 (2020),lftg-19-2020-the-spaces,The Spaces, Emma Tabah,
lftg-19-2020,LFTG 19 (2020),lftg-19-2020-the-spaces,The Spaces,Eli Gutfeld,
lftg-19-2020,LFTG 19 (2020),lftg-19-2020-the-spaces,The Spaces,Evan Bowie,
lftg-19-2020,LFTG 19 (2020),lftg-19-2020-the-spaces,The Spaces,Harrison Magder,
lftg-19-2020,LFTG 19 (2020),lftg-19-2020-the-spaces,The Spaces,James-Matthew Patulli,
lftg-19-2020,LFTG 19 (2020),lftg-19-2020-the-spaces,The Spaces,John Bowie,
lftg-19-2020,LFTG 19 (2020),lftg-19-2020-the-spaces,The Spaces,Leo Rupert,
lftg-19-2020,LFTG 19 (2020),lftg-19-2020-the-spaces,The Spaces,Mario Giulione,
lftg-19-2020,LFTG 19 (2020),lftg-19-2020-the-spaces,The Spaces,Sarah Daumas,
lftg-19-2020,LFTG 19 (2020),lftg-19-2020-the-spaces,The Spaces,Sarah Elman,
lftg-19-2020,LFTG 19 (2020),lftg-19-2020-the-wrong,The Wrong,Gabriel Mah,
lftg-19-2020,LFTG 19 (2020),lftg-19-2020-the-wrong,The Wrong,Oliver Cook,
lftg-19-2020,LFTG 19 (2020),lftg-19-2020-the-wrong,The Wrong,Quincy Philippas,
lftg-19-2020,LFTG 19 (2020),lftg-19-2020-the-wrong,The Wrong,Rapha Davidson,
lftg-19-2020,LFTG 19 (2020),lftg-19-2020-toaster-ghost,Toaster Ghost,Ethan Mackay,
lftg-19-2020,LFTG 19 (2020),lftg-19-2020-toaster-ghost,Toaster Ghost,Eva Nolan,
lftg-19-2020,LFTG 19 (2020),lftg-19-2020-toaster-ghost,Toaster Ghost,Lukas,
lftg-19-2020,LFTG 19 (2020),lftg-19-2020-toaster-ghost,Toaster Ghost,Sonia Miquelon,
lftg-19-2020,LFTG 19 (2020),lftg-19-2020-toaster-ghost,Toaster Ghost,Zayd Al-Fakhuri,
lftg-19-5-2021,LFTG 19.5 (2021),lftg-19-5-2021-the-5-15,The 5:15,Doug Stein,
lftg-19-5-2021,LFTG 19.5 (2021),lftg-19-5-2021-the-5-15,The 5:15,John Bowie,
lftg-19-5-2021,LFTG 19.5 (2021),lftg-19-5-2021-the-5-15,The 5:15,Marc Kimmel,
lftg-19-5-2021,LFTG 19.5 (2021),lftg-19-5-2021-the-5-15,The 5:15,Matt Aisen,
lftg-19-5-2021,LFTG 19.5 (2021),lftg-19-5-2021-the-5-15,The 5:15,Steve Lubotta,
lftg-19-5-2021,LFTG 19.5 (2021),lftg-19-5-2021-rock-n-nolans,Rock n Nolans,Brian Nolan,
lftg-19-5-2021,LFTG 19.5 (2021),lftg-19-5-2021-rock-n-nolans,Rock n Nolans,Eva Nolan,
lftg-19-5-2021,LFTG 19.5 (2021),lftg-19-5-2021-rock-n-nolans,Rock n Nolans,Fergus Nolan,
lftg-19-5-2021,LFTG 19.5 (2021),lftg-19-5-2021-soft-speak,Soft Speak,Ariel Blum,
lftg-19-5-2021,LFTG 19.5 (2021),lftg-19-5-2021-soft-speak,Soft Speak,Djuna Johnson,
lftg-19-5-2021,LFTG 19.5 (2021),lftg-19-5-2021-soft-speak,Soft Speak,Eva Nolan,
lftg-19-5-2021,LFTG 19.5 (2021),lftg-19-5-2021-soft-speak,Soft Speak,Fred Bouchard,
lftg-19-5-2021,LFTG 19.5 (2021),lftg-19-5-2021-soft-speak,Soft Speak,Jasmine Stein Webb,
lftg-19-5-2021,LFTG 19.5 (2021),lftg-19-5-2021-soft-speak,Soft Speak,Lilah Goodman,
lftg-19-5-2021,LFTG 19.5 (2021),lftg-19-5-2021-soft-speak,Soft Speak,Mike Fitch,
lftg-19-5-2021,LFTG 19.5 (2021),lftg-19-5-2021-sonic-shower,Sonic Shower,Ceren Unal,
lftg-19-5-2021,LFTG 19.5 (2021),lftg-19-5-2021-sonic-shower,Sonic Shower,Lara Atabek,
lftg-19-5-2021,LFTG 19.5 (2021),lftg-19-5-2021-sonic-shower,Sonic Shower,Mehmet Babahan,
lftg-19-5-2021,LFTG 19.5 (2021),lftg-19-5-2021-sonic-shower,Sonic Shower,Mike Fitch,
lftg-19-5-2021,LFTG 19.5 (2021),lftg-19-5-2021-street-spirit,Street Spirit,Bruce Pascal,
lftg-19-5-2021,LFTG 19.5 (2021),lftg-19-5-2021-street-spirit,Street Spirit,Doug Stein,
lftg-19-5-2021,LFTG 19.5 (2021),lftg-19-5-2021-street-spirit,Street Spirit,John Bowie,
lftg-19-5-2021,LFTG 19.5 (2021),lftg-19-5-2021-street-spirit,Street Spirit,Mario Giulione,
lftg-19-5-2021,LFTG 19.5 (2021),lftg-19-5-2021-street-spirit,Street Spirit,Mike Fitch,
lftg-19-5-2021,LFTG 19.5 (2021),lftg-19-5-2021-street-spirit,Street Spirit,Will Dodge,
lftg-19-5-2021,LFTG 19.5 (2021),lftg-19-5-2021-the-bluebirds,The Bluebirds,Bruce Pascal,
lftg-19-5-2021,LFTG 19.5 (2021),lftg-19-5-2021-the-bluebirds,The Bluebirds,Edwin Roberts,
lftg-19-5-2021,LFTG 19.5 (2021),lftg-19-5-2021-the-bluebirds,The Bluebirds,Ella Wolput,
lftg-19-5-2021,LFTG 19.5 (2021),lftg-19-5-2021-the-bluebirds,The Bluebirds,Jasmine Stein Webb,
lftg-19-5-2021,LFTG 19.5 (2021),lftg-19-5-2021-the-bluebirds,The Bluebirds,Mia MacDonald,
lftg-19-5-2021,LFTG 19.5 (2021),lftg-19-5-2021-the-bluebirds,The Bluebirds,Nora Plante,
lftg-19-5-2021,LFTG 19.5 (2021),lftg-19-5-2021-the-clashroom,The Clashroom,Ben Bisaillon,
lftg-19-5-2021,LFTG 19.5 (2021),lftg-19-5-2021-the-clashroom,The Clashroom,Benjamin Cere,
lftg-19-5-2021,LFTG 19.5 (2021),lftg-19-5-2021-the-clashroom,The Clashroom,Benjamin Mak,
lftg-19-5-2021,LFTG 19.5 (2021),lftg-19-5-2021-the-clashroom,The Clashroom,Carly Leblanc,
lftg-19-5-2021,LFTG 19.5 (2021),lftg-19-5-2021-the-clashroom,The Clashroom,Henry Rebellati-Mitnick,
lftg-19-5-2021,LFTG 19.5 (2021),lftg-19-5-2021-the-dicky-birds,The Dicky Birds,Ben Hopper,
lftg-19-5-2021,LFTG 19.5 (2021),lftg-19-5-2021-the-dicky-birds,The Dicky Birds,Fergus Nolan,
lftg-19-5-2021,LFTG 19.5 (2021),lftg-19-5-2021-the-dicky-birds,The Dicky Birds,Quincy Philippas,
lftg-19-5-2021,LFTG 19.5 (2021),lftg-19-5-2021-the-dicky-birds,The Dicky Birds,Thomas Hopper,
lftg-19-5-2021,LFTG 19.5 (2021),lftg-19-5-2021-the-lean-greens,The Lean Greens,Aidan Rosenberg,
lftg-19-5-2021,LFTG 19.5 (2021),lftg-19-5-2021-the-lean-greens,The Lean Greens,James-Matthew Patulli,
lftg-19-5-2021,LFTG 19.5 (2021),lftg-19-5-2021-the-lean-greens,The Lean Greens,Jonah Smith,
lftg-19-5-2021,LFTG 19.5 (2021),lftg-19-5-2021-the-lean-greens,The Lean Greens,Mario Giulione,
lftg-19-5-2021,LFTG 19.5 (2021),lftg-19-5-2021-the-lean-greens,The Lean Greens,Mike Fitch,
lftg-19-5-2021,LFTG 19.5 (2021),lftg-19-5-2021-the-lean-greens,The Lean Greens,Sarah Elman,
lftg-19-5-2021,LFTG 19.5 (2021),lftg-19-5-2021-the-lightning,The Lightning,Aidan Rosenberg,
lftg-19-5-2021,LFTG 19.5 (2021),lftg-19-5-2021-the-lightning,The Lightning,Doug Stein,
lftg-19-5-2021,LFTG 19.5 (2021),lftg-19-5-2021-the-lightning,The Lightning,Ethan Kimmel,
lftg-19-5-2021,LFTG 19.5 (2021),lftg-19-5-2021-the-lightning,The Lightning,John Bowie,
lftg-19-5-2021,LFTG 19.5 (2021),lftg-19-5-2021-the-lightning,The Lightning,Jonah Smith,
lftg-19-5-2021,LFTG 19.5 (2021),lftg-19-5-2021-the-lightning,The Lightning,Marc Kimmel,
lftg-19-5-2021,LFTG 19.5 (2021),lftg-19-5-2021-the-lightning,The Lightning,Marcel Aulls,
lftg-19-5-2021,LFTG 19.5 (2021),lftg-19-5-2021-the-lightning,The Lightning,Noam Alon,
lftg-19-5-2021,LFTG 19.5 (2021),lftg-19-5-2021-the-lightning,The Lightning,Steve Lubotta,
lftg-19-5-2021,LFTG 19.5 (2021),lftg-19-5-2021-the-ninth-wave,The Ninth Wave,Ariel Blum,
lftg-19-5-2021,LFTG 19.5 (2021),lftg-19-5-2021-the-ninth-wave,The Ninth Wave,Eli Gutfeld,
lftg-19-5-2021,LFTG 19.5 (2021),lftg-19-5-2021-the-ninth-wave,The Ninth Wave,Evan Bowie,
lftg-19-5-2021,LFTG 19.5 (2021),lftg-19-5-2021-the-ninth-wave,The Ninth Wave,James-Matthew Patulli,
lftg-19-5-2021,LFTG 19.5 (2021),lftg-19-5-2021-the-ninth-wave,The Ninth Wave,John Bowie,
lftg-19-5-2021,LFTG 19.5 (2021),lftg-19-5-2021-the-ninth-wave,The Ninth Wave,Lilah Goodman,
lftg-19-5-2021,LFTG 19.5 (2021),lftg-19-5-2021-the-ninth-wave,The Ninth Wave,Oscar Johnson,
lftg-19-5-2021,LFTG 19.5 (2021),lftg-19-5-2021-the-southend-suits,The Southend Suits,Ariel Blum,
lftg-19-5-2021,LFTG 19.5 (2021),lftg-19-5-2021-the-southend-suits,The Southend Suits,James-Matthew Patulli,
lftg-19-5-2021,LFTG 19.5 (2021),lftg-19-5-2021-the-southend-suits,The Southend Suits,John Bowie,
lftg-19-5-2021,LFTG 19.5 (2021),lftg-19-5-2021-the-southend-suits,The Southend Suits,Lilah Goodman,
lftg-19-5-2021,LFTG 19.5 (2021),lftg-19-5-2021-the-southend-suits,The Southend Suits,Mario Giulione,
lftg-19-5-2021,LFTG 19.5 (2021),lftg-19-5-2021-the-southend-suits,The Southend Suits,Sarah Elman,
lftg-19-5-2021,LFTG 19.5 (2021),lftg-19-5-2021-the-wrong,The Wrong,Gabriel Mah,
lftg-19-5-2021,LFTG 19.5 (2021),lftg-19-5-2021-the-wrong,The Wrong,Mike Fitch,
lftg-19-5-2021,LFTG 19.5 (2021),lftg-19-5-2021-the-wrong,The Wrong,Oliver Cook,
lftg-19-5-2021,LFTG 19.5 (2021),lftg-19-5-2021-the-wrong,The Wrong,Rapha Davidson,
lftg-19-5-2021,LFTG 19.5 (2021),lftg-19-5-2021-the-wrong,The Wrong,Rapha Davidson,
lftg-20-2022,LFTG 20 (2022),lftg-20-2022-another-heart,Another Heart,Carly Leblanc,Bass
lftg-20-2022,LFTG 20 (2022),lftg-20-2022-another-heart,Another Heart,Ceci Nolan,Vocals
lftg-20-2022,LFTG 20 (2022),lftg-20-2022-another-heart,Another Heart,Edwin Roberts,Guitar
lftg-20-2022,LFTG 20 (2022),lftg-20-2022-another-heart,Another Heart,Harrison Magder,Guitar
lftg-20-2022,LFTG 20 (2022),lftg-20-2022-another-heart,Another Heart,Sammy Rupert,Guitar
lftg-20-2022,LFTG 20 (2022),lftg-20-2022-another-heart,Another Heart,Tomek Shiller,Drums
lftg-20-2022,LFTG 20 (2022),lftg-20-2022-crossfire-hurricane,Crossfire Hurricane,Anton Samoylenko,Drums
lftg-20-2022,LFTG 20 (2022),lftg-20-2022-crossfire-hurricane,Crossfire Hurricane,Dan Laxer,Harp; Vocals
lftg-20-2022,LFTG 20 (2022),lftg-20-2022-crossfire-hurricane,Crossfire Hurricane,Dominic Supino,Guitar
lftg-20-2022,LFTG 20 (2022),lftg-20-2022-crossfire-hurricane,Crossfire Hurricane,Drazen Sedlar,Bass
lftg-20-2022,LFTG 20 (2022),lftg-20-2022-crossfire-hurricane,Crossfire Hurricane,Irwin Edelstein,Guitar
lftg-20-2022,LFTG 20 (2022),lftg-20-2022-crossfire-hurricane,Crossfire Hurricane,Sonya Shiller,Guitar
lftg-20-2022,LFTG 20 (2022),lftg-20-2022-electric-word,Electric Word,Doug Stein,Drums
lftg-20-2022,LFTG 20 (2022),lftg-20-2022-electric-word,Electric Word,Jerry Golick,Bass
lftg-20-2022,LFTG 20 (2022),lftg-20-2022-electric-word,Electric Word,Marc Kimmel,Vocals
lftg-20-2022,LFTG 20 (2022),lftg-20-2022-electric-word,Electric Word,Marcel Aulls,Guitar
lftg-20-2022,LFTG 20 (2022),lftg-20-2022-electric-word,Electric Word,Rob Drummond,Guitar
lftg-20-2022,LFTG 20 (2022),lftg-20-2022-sonic-shower,Sonic Shower,Carly Leblanc,Bass
lftg-20-2022,LFTG 20 (2022),lftg-20-2022-sonic-shower,Sonic Shower,Illian Stamm Emond,Guitar
lftg-20-2022,LFTG 20 (2022),lftg-20-2022-sonic-shower,Sonic Shower,Jacob Dahan,Guitar
lftg-20-2022,LFTG 20 (2022),lftg-20-2022-sonic-shower,Sonic Shower,Lara Atabek,Vocals
lftg-20-2022,LFTG 20 (2022),lftg-20-2022-sonic-shower,Sonic Shower,Mehmet Babahan,Drums
lftg-20-2022,LFTG 20 (2022),lftg-20-2022-sonic-shower,Sonic Shower,Tomek Shiller,Drums
lftg-20-2022,LFTG 20 (2022),lftg-20-2022-sour-apples,Sour Apples,Aidan Rosenberg,Guitar
lftg-20-2022,LFTG 20 (2022),lftg-20-2022-sour-apples,Sour Apples,Jasmine Stein Webb,Vocals
lftg-20-2022,LFTG 20 (2022),lftg-20-2022-sour-apples,Sour Apples,Miranda MacDonald,Bass
lftg-20-2022,LFTG 20 (2022),lftg-20-2022-sour-apples,Sour Apples,Molly Deutch,Guitar
lftg-20-2022,LFTG 20 (2022),lftg-20-2022-sour-apples,Sour Apples,Sonia Miquelon,Drums
lftg-20-2022,LFTG 20 (2022),lftg-20-2022-strictly-rhythm,Strictly Rhythm,Bruce Pascal,Bass
lftg-20-2022,LFTG 20 (2022),lftg-20-2022-strictly-rhythm,Strictly Rhythm,Dylan Cavell,Guitar
lftg-20-2022,LFTG 20 (2022),lftg-20-2022-strictly-rhythm,Strictly Rhythm,Ethan Kimmel,Guitar
lftg-20-2022,LFTG 20 (2022),lftg-20-2022-strictly-rhythm,Strictly Rhythm,Henry Rebellati-Mitnick,Drums
lftg-20-2022,LFTG 20 (2022),lftg-20-2022-strictly-rhythm,Strictly Rhythm,Jonah Smith,Guitar
lftg-20-2022,LFTG 20 (2022),lftg-20-2022-strictly-rhythm,Strictly Rhythm,Marc Kimmel,Vocals
lftg-20-2022,LFTG 20 (2022),lftg-20-2022-t-c,T & C,Campbell Rolian,Guitar
lftg-20-2022,LFTG 20 (2022),lftg-20-2022-t-c,T & C,Thomas Rolian,Ukulele
lftg-20-2022,LFTG 20 (2022),lftg-20-2022-the-daydreamers,The Daydreamers,Ariel Blum,Guitar
lftg-20-2022,LFTG 20 (2022),lftg-20-2022-the-daydreamers,The Daydreamers,Djuna Johnson,Guitar
lftg-20-2022,LFTG 20 (2022),lftg-20-2022-the-daydreamers,The Daydreamers,Lilah Rupert,Guitar
lftg-20-2022,LFTG 20 (2022),lftg-20-2022-the-daydreamers,The Daydreamers,Mike Elman,Bass
lftg-20-2022,LFTG 20 (2022),lftg-20-2022-the-daydreamers,The Daydreamers,Sarah Elman,Guitar; Vocals
lftg-20-2022,LFTG 20 (2022),lftg-20-2022-the-mighty,The Mighty,Bruce Pascal,Bass
lftg-20-2022,LFTG 20 (2022),lftg-20-2022-the-mighty,The Mighty,Carly Leblanc,Vocals
lftg-20-2022,LFTG 20 (2022),lftg-20-2022-the-mighty,The Mighty,Henry Rebellati-Mitnick,Drums
lftg-20-2022,LFTG 20 (2022),lftg-20-2022-the-mighty,The Mighty,Oscar Johnson,Guitar
lftg-20-2022,LFTG 20 (2022),lftg-20-2022-the-mighty,The Mighty,William McIntyre,Guitar
lftg-20-2022,LFTG 20 (2022),lftg-20-2022-the-wrong,The Wrong,Gabriel Mah,Keyboards; Vocals
lftg-20-2022,LFTG 20 (2022),lftg-20-2022-the-wrong,The Wrong,Liam Beers,Bass
lftg-20-2022,LFTG 20 (2022),lftg-20-2022-the-wrong,The Wrong,Oliver Cook,Drums
lftg-20-2022,LFTG 20 (2022),lftg-20-2022-the-wrong,The Wrong,Oscar Aziz,Drums
lftg-20-2022,LFTG 20 (2022),lftg-20-2022-the-wrong,The Wrong,Pietro Loraschi,Guitar
lftg-20-2022,LFTG 20 (2022),lftg-20-2022-the-wrong,The Wrong,Rapha Davidson,Guitar
lftg-20-2022,LFTG 20 (2022),lftg-20-2022-white-orchid,White Orchid,Alex Guay-Robitaille,Drums
lftg-20-2022,LFTG 20 (2022),lftg-20-2022-white-orchid,White Orchid,Carly Leblanc,Vocals
lftg-20-2022,LFTG 20 (2022),lftg-20-2022-white-orchid,White Orchid,Louis Guay-Robitaille,Guitar
lftg-20-2022,LFTG 20 (2022),lftg-20-2022-white-orchid,White Orchid,Mike Fitch,Bass
lftg-21-2023,LFTG 21 (2023),lftg-21-2023-crossfire-hurricane,Crossfire Hurricane,Dan Laxer,Harp; Vocals
lftg-21-2023,LFTG 21 (2023),lftg-21-2023-crossfire-hurricane,Crossfire Hurricane,Dominic Supino,Guitar
lftg-21-2023,LFTG 21 (2023),lftg-21-2023-crossfire-hurricane,Crossfire Hurricane,Irwin Edelstein,Guitar
lftg-21-2023,LFTG 21 (2023),lftg-21-2023-crossfire-hurricane,Crossfire Hurricane,Jay Blumenstein,Drums
lftg-21-2023,LFTG 21 (2023),lftg-21-2023-crossfire-hurricane,Crossfire Hurricane,Sonya Shiller,Guitar
lftg-21-2023,LFTG 21 (2023),lftg-21-2023-crossfire-hurricane,Crossfire Hurricane,Sylvie Choquette,Bass
lftg-21-2023,LFTG 21 (2023),lftg-21-2023-electric-word,Electric Word,Doug Stein,Drums
lftg-21-2023,LFTG 21 (2023),lftg-21-2023-electric-word,Electric Word,Jerry Golick,Bass
lftg-21-2023,LFTG 21 (2023),lftg-21-2023-electric-word,Electric Word,Marc Kimmel,Vocals
lftg-21-2023,LFTG 21 (2023),lftg-21-2023-electric-word,Electric Word,Marcel Aulls,Guitar
lftg-21-2023,LFTG 21 (2023),lftg-21-2023-electric-word,Electric Word,Rob Drummond,Guitar
lftg-21-2023,LFTG 21 (2023),lftg-21-2023-freight-train,Freight Train,Bélen Keuroglian,Guitar
lftg-21-2023,LFTG 21 (2023),lftg-21-2023-freight-train,Freight Train,James Dahan,Drums
lftg-21-2023,LFTG 21 (2023),lftg-21-2023-freight-train,Freight Train,James Stein Webb,Drums
lftg-21-2023,LFTG 21 (2023),lftg-21-2023-freight-train,Freight Train,Leo Rupert,Bass; Vocals
lftg-21-2023,LFTG 21 (2023),lftg-21-2023-freight-train,Freight Train,Oscar Johnson,Guitar; Vocals
lftg-21-2023,LFTG 21 (2023),lftg-21-2023-freight-train,Freight Train,Raphael Marques,Guitar
lftg-21-2023,LFTG 21 (2023),lftg-21-2023-red-hot-chicken-nuggets,Red Hot Chicken Nuggets,Alex Guay-Robitaille,Drums
lftg-21-2023,LFTG 21 (2023),lftg-21-2023-red-hot-chicken-nuggets,Red Hot Chicken Nuggets,Hank Guay,Bass
lftg-21-2023,LFTG 21 (2023),lftg-21-2023-red-hot-chicken-nuggets,Red Hot Chicken Nuggets,Louis Guay-Robitaille,Guitar
lftg-21-2023,LFTG 21 (2023),lftg-21-2023-red-hot-chicken-nuggets,Red Hot Chicken Nuggets,Max Basu,Vocals
lftg-21-2023,LFTG 21 (2023),lftg-21-2023-ribbons-of-euphoria,Ribbons Of Euphoria,Dylan Labrecque,Guitar
lftg-21-2023,LFTG 21 (2023),lftg-21-2023-ribbons-of-euphoria,Ribbons Of Euphoria,Ethan Kimmel,Guitar
lftg-21-2023,LFTG 21 (2023),lftg-21-2023-ribbons-of-euphoria,Ribbons Of Euphoria,Henry Rebellati-Mitnick,Drums
lftg-21-2023,LFTG 21 (2023),lftg-21-2023-ribbons-of-euphoria,Ribbons Of Euphoria,Jonah Smith,Guitar
lftg-21-2023,LFTG 21 (2023),lftg-21-2023-ribbons-of-euphoria,Ribbons Of Euphoria,Mario Giulione,Vocals
lftg-21-2023,LFTG 21 (2023),lftg-21-2023-sonic-shower,Sonic Shower,Ariel Blum,Guitar
lftg-21-2023,LFTG 21 (2023),lftg-21-2023-sonic-shower,Sonic Shower,Illian Stamm Emond,Guitar
lftg-21-2023,LFTG 21 (2023),lftg-21-2023-sonic-shower,Sonic Shower,Jorge Torrealba,Bass
lftg-21-2023,LFTG 21 (2023),lftg-21-2023-sonic-shower,Sonic Shower,Lara Atabek,Vocals
lftg-21-2023,LFTG 21 (2023),lftg-21-2023-sonic-shower,Sonic Shower,Mehmet Babahan,Drums
lftg-21-2023,LFTG 21 (2023),lftg-21-2023-sonic-shower,Sonic Shower,Tomek Shiller,Bass; Drums
lftg-21-2023,LFTG 21 (2023),lftg-21-2023-sour-apples,Sour Apples,Aidan Rosenberg,Bass; Guitar
lftg-21-2023,LFTG 21 (2023),lftg-21-2023-sour-apples,Sour Apples,Djuna Johnson,Bass; Guitar
lftg-21-2023,LFTG 21 (2023),lftg-21-2023-sour-apples,Sour Apples,Jasmine Stein Webb,Vocals
lftg-21-2023,LFTG 21 (2023),lftg-21-2023-sour-apples,Sour Apples,Molly Deutch,Guitar
lftg-21-2023,LFTG 21 (2023),lftg-21-2023-sour-apples,Sour Apples,Sonia Miquelon,Drums
lftg-21-2023,LFTG 21 (2023),lftg-21-2023-sour-apples,Sour Apples,Vika Tsukanova,Guitar
lftg-21-2023,LFTG 21 (2023),lftg-21-2023-the-authentic-strings,The Authentic Strings,Bloodshot Bill,Drums
lftg-21-2023,LFTG 21 (2023),lftg-21-2023-the-authentic-strings,The Authentic Strings,Edwin Roberts,Guitar
lftg-21-2023,LFTG 21 (2023),lftg-21-2023-the-authentic-strings,The Authentic Strings,Harrison Magder,Guitar
lftg-21-2023,LFTG 21 (2023),lftg-21-2023-the-authentic-strings,The Authentic Strings,Leo Wolfson,Guitar
lftg-21-2023,LFTG 21 (2023),lftg-21-2023-the-authentic-strings,The Authentic Strings,Sammy Rupert,Guitar
lftg-21-2023,LFTG 21 (2023),lftg-21-2023-the-broken-picks,The Broken Picks,Jorge Torrealba,Bass
lftg-21-2023,LFTG 21 (2023),lftg-21-2023-the-broken-picks,The Broken Picks,Lucy Vincent,Guitar
lftg-21-2023,LFTG 21 (2023),lftg-21-2023-the-broken-picks,The Broken Picks,Noah Peled-Fostokjian,Guitar; Vocals
lftg-21-2023,LFTG 21 (2023),lftg-21-2023-the-broken-picks,The Broken Picks,Oscar Aziz,Drums
lftg-21-2023,LFTG 21 (2023),lftg-21-2023-the-broken-picks,The Broken Picks,Vizma Ingelevics,Guitar; Vocals
lftg-21-2023,LFTG 21 (2023),lftg-21-2023-the-sarcastics,The Sarcastics,Aubrey Rosenhek,Bass
lftg-21-2023,LFTG 21 (2023),lftg-21-2023-the-sarcastics,The Sarcastics,Cass Rosenhek,Drums
lftg-21-2023,LFTG 21 (2023),lftg-21-2023-the-sarcastics,The Sarcastics,Mike Elman,Guitar
lftg-21-2023,LFTG 21 (2023),lftg-21-2023-the-sarcastics,The Sarcastics,Sarah Elman,Guitar; Piano; Vocals
lftg-21-2023,LFTG 21 (2023),lftg-21-2023-the-wrong,The Wrong,Connor Mccuiston,Guitar
lftg-21-2023,LFTG 21 (2023),lftg-21-2023-the-wrong,The Wrong,Gabriel Mah,Drums; Keyboards
lftg-21-2023,LFTG 21 (2023),lftg-21-2023-the-wrong,The Wrong,Liam Beers,Bass
lftg-21-2023,LFTG 21 (2023),lftg-21-2023-the-wrong,The Wrong,Oliver Cook,Drums
lftg-21-2023,LFTG 21 (2023),lftg-21-2023-the-wrong,The Wrong,Pietro Loraschi,Guitar
lftg-21-2023,LFTG 21 (2023),lftg-21-2023-the-wrong,The Wrong,Rapha Davidson,Vocals
lftg-22-2024,LFTG 22 (2024),lftg-22-2024-april-sky,April Sky,Benet Fraderabrunet,Drums; Keyboards
lftg-22-2024,LFTG 22 (2024),lftg-22-2024-april-sky,April Sky,Dora-Lynn Marga,Guitar; Vocals
lftg-22-2024,LFTG 22 (2024),lftg-22-2024-april-sky,April Sky,Fred Brackett,Drums
lftg-22-2024,LFTG 22 (2024),lftg-22-2024-april-sky,April Sky,Jasmine Stein Webb,Vocals
lftg-22-2024,LFTG 22 (2024),lftg-22-2024-april-sky,April Sky,Renato Robert,Bass
lftg-22-2024,LFTG 22 (2024),lftg-22-2024-crossfire-hurricane,Crossfire Hurricane,Dan Laxer,Harp; Vocals
lftg-22-2024,LFTG 22 (2024),lftg-22-2024-crossfire-hurricane,Crossfire Hurricane,Dominic Supino,Guitar
lftg-22-2024,LFTG 22 (2024),lftg-22-2024-crossfire-hurricane,Crossfire Hurricane,George Koutsaris,Keyboards
lftg-22-2024,LFTG 22 (2024),lftg-22-2024-crossfire-hurricane,Crossfire Hurricane,Irwin Edelstein,Guitar
lftg-22-2024,LFTG 22 (2024),lftg-22-2024-crossfire-hurricane,Crossfire Hurricane,Jay Blumenstein,Drums
lftg-22-2024,LFTG 22 (2024),lftg-22-2024-crossfire-hurricane,Crossfire Hurricane,Juan Alvina,Drums
lftg-22-2024,LFTG 22 (2024),lftg-22-2024-crossfire-hurricane,Crossfire Hurricane,Sonya Shiller,Guitar
lftg-22-2024,LFTG 22 (2024),lftg-22-2024-crossfire-hurricane,Crossfire Hurricane,Sylvie Choquette,Bass
lftg-22-2024,LFTG 22 (2024),lftg-22-2024-freight-train,Freight Train,James Stein Webb,Drums
lftg-22-2024,LFTG 22 (2024),lftg-22-2024-freight-train,Freight Train,Leo Rupert,Bass; Vocals
lftg-22-2024,LFTG 22 (2024),lftg-22-2024-freight-train,Freight Train,Lev King,Bass; Vocals
lftg-22-2024,LFTG 22 (2024),lftg-22-2024-freight-train,Freight Train,Oscar Johnson,Guitar; Vocals
lftg-22-2024,LFTG 22 (2024),lftg-22-2024-freight-train,Freight Train,Raphael Marques,Guitar
lftg-22-2024,LFTG 22 (2024),lftg-22-2024-magnetic-field,Magnetic Field,Henry Rebellati-Mitnick,Drums
lftg-22-2024,LFTG 22 (2024),lftg-22-2024-magnetic-field,Magnetic Field,Jonah Smith,Guitar
lftg-22-2024,LFTG 22 (2024),lftg-22-2024-magnetic-field,Magnetic Field,Mario Giulione,Vocals
lftg-22-2024,LFTG 22 (2024),lftg-22-2024-magnetic-field,Magnetic Field,Thomas Drouin,Guitar
lftg-22-2024,LFTG 22 (2024),lftg-22-2024-magnetic-field,Magnetic Field,Zach Rehany,Guitar
lftg-22-2024,LFTG 22 (2024),lftg-22-2024-overworld,Overworld,Thomas Rolian,Guitar
lftg-22-2024,LFTG 22 (2024),lftg-22-2024-red-hot-chicken-nuggets,Red Hot Chicken Nuggets,Alex Guay-Robitaille,Drums
lftg-22-2024,LFTG 22 (2024),lftg-22-2024-red-hot-chicken-nuggets,Red Hot Chicken Nuggets,Louis Guay-Robitaille,Guitar
lftg-22-2024,LFTG 22 (2024),lftg-22-2024-red-hot-chicken-nuggets,Red Hot Chicken Nuggets,Max Basu,Bass; Vocals
lftg-22-2024,LFTG 22 (2024),lftg-22-2024-sonic-shower,Sonic Shower,Ariel Blum,Bass; Guitar
lftg-22-2024,LFTG 22 (2024),lftg-22-2024-sonic-shower,Sonic Shower,Illian Stamm Emond,Guitar
lftg-22-2024,LFTG 22 (2024),lftg-22-2024-sonic-shower,Sonic Shower,Jorge Flores,Bass; Vocals
lftg-22-2024,LFTG 22 (2024),lftg-22-2024-sonic-shower,Sonic Shower,Lara Atabek,Vocals
lftg-22-2024,LFTG 22 (2024),lftg-22-2024-sonic-shower,Sonic Shower,Mehmet Babahan,Drums
lftg-22-2024,LFTG 22 (2024),lftg-22-2024-sonic-shower,Sonic Shower,Tomek Shiller,Guitar
lftg-22-2024,LFTG 22 (2024),lftg-22-2024-sour-apples,Sour Apples,Daphné Cliche,Vocals
lftg-22-2024,LFTG 22 (2024),lftg-22-2024-sour-apples,Sour Apples,Djuna Johnson,Bass; Guitar
lftg-22-2024,LFTG 22 (2024),lftg-22-2024-sour-apples,Sour Apples,Kit Styles,Drums
lftg-22-2024,LFTG 22 (2024),lftg-22-2024-the-broken-picks,The Broken Picks,Chiara Klein,Guitar; Vocals
lftg-22-2024,LFTG 22 (2024),lftg-22-2024-the-broken-picks,The Broken Picks,Jude Rosenhek,Bass; Keyboards
lftg-22-2024,LFTG 22 (2024),lftg-22-2024-the-broken-picks,The Broken Picks,Noah Peled-Fostokjian,Guitar; Vocals
lftg-22-2024,LFTG 22 (2024),lftg-22-2024-the-broken-picks,The Broken Picks,Oscar Aziz,Drums
lftg-22-2024,LFTG 22 (2024),lftg-22-2024-the-broken-picks,The Broken Picks,Sam Arkush,Guitar; Vocals
lftg-22-2024,LFTG 22 (2024),lftg-22-2024-the-broken-picks,The Broken Picks,Vizma Ingelevics,Bass; Vocals
lftg-22-2024,LFTG 22 (2024),lftg-22-2024-the-cruelest-line,The Cruelest Line,Henry Rebellati-Mitnick,Drums
lftg-22-2024,LFTG 22 (2024),lftg-22-2024-the-cruelest-line,The Cruelest Line,Jerry Golick,Bass
lftg-22-2024,LFTG 22 (2024),lftg-22-2024-the-cruelest-line,The Cruelest Line,Mario Giulione,Vocals
lftg-22-2024,LFTG 22 (2024),lftg-22-2024-the-cruelest-line,The Cruelest Line,Ronen Devashi,Guitar
lftg-22-2024,LFTG 22 (2024),lftg-22-2024-the-easy-riders,The Easy Riders,Harrison Magder,Guitar
lftg-22-2024,LFTG 22 (2024),lftg-22-2024-the-easy-riders,The Easy Riders,Jay Blumenstein,Drums
lftg-22-2024,LFTG 22 (2024),lftg-22-2024-the-easy-riders,The Easy Riders,Leo Wolfson,Guitar
lftg-22-2024,LFTG 22 (2024),lftg-22-2024-the-easy-riders,The Easy Riders,Stephen David Bracewell McLauchlin,Guitar
lftg-22-2024,LFTG 22 (2024),lftg-22-2024-the-messy-pearls,The Messy Pearls,Luc Bisaillon,Drums
lftg-22-2024,LFTG 22 (2024),lftg-22-2024-the-messy-pearls,The Messy Pearls,Milo Klein,Guitar
lftg-22-2024,LFTG 22 (2024),lftg-22-2024-the-messy-pearls,The Messy Pearls,Sammy Rupert,Guitar
lftg-22-2024,LFTG 22 (2024),lftg-22-2024-the-sarcastics-featuring-wolf-and-sohn,The Sarcastics (featuring Wolf and Sohn),Aubrey Rosenhek,Bass
lftg-22-2024,LFTG 22 (2024),lftg-22-2024-the-sarcastics-featuring-wolf-and-sohn,The Sarcastics (featuring Wolf and Sohn),Cass Rosenhek,Drums
lftg-22-2024,LFTG 22 (2024),lftg-22-2024-the-sarcastics-featuring-wolf-and-sohn,The Sarcastics (featuring Wolf and Sohn),Dan Wolfensohn,Keyboards
lftg-22-2024,LFTG 22 (2024),lftg-22-2024-the-sarcastics-featuring-wolf-and-sohn,The Sarcastics (featuring Wolf and Sohn),Jonas Wolfensohn,Keyboards
lftg-22-2024,LFTG 22 (2024),lftg-22-2024-the-sarcastics-featuring-wolf-and-sohn,The Sarcastics (featuring Wolf and Sohn),Mike Elman,Guitar
lftg-22-2024,LFTG 22 (2024),lftg-22-2024-the-sarcastics-featuring-wolf-and-sohn,The Sarcastics (featuring Wolf and Sohn),Sarah Elman,Guitar; Piano; Vocals
lftg-22-2024,LFTG 22 (2024),lftg-22-2024-the-wrong,The Wrong,Gabriel Mah,Keyboards
lftg-22-2024,LFTG 22 (2024),lftg-22-2024-the-wrong,The Wrong,Jacob Dahan,Guitar
lftg-22-2024,LFTG 22 (2024),lftg-22-2024-the-wrong,The Wrong,Liam Beers,Bass
lftg-22-2024,LFTG 22 (2024),lftg-22-2024-the-wrong,The Wrong,Oliver Cook,Drums
lftg-22-2024,LFTG 22 (2024),lftg-22-2024-the-wrong,The Wrong,Rapha Davidson,Vocals
lftg-22-2024,LFTG 22 (2024),lftg-22-2024-the-wrong,The Wrong,William McIntyre,Guitar
lftg-23-2025,LFTG 23 (2025),lftg-23-2025-crossfire-hurricane,Crossfire Hurricane,Dan Laxer,Harmonica; Vocals
lftg-23-2025,LFTG 23 (2025),lftg-23-2025-crossfire-hurricane,Crossfire Hurricane,Dominic Supino,Guitar
lftg-23-2025,LFTG 23 (2025),lftg-23-2025-crossfire-hurricane,Crossfire Hurricane,Irwin Edelstein,Guitar
lftg-23-2025,LFTG 23 (2025),lftg-23-2025-crossfire-hurricane,Crossfire Hurricane,Jay Blumenstein,Drums
lftg-23-2025,LFTG 23 (2025),lftg-23-2025-crossfire-hurricane,Crossfire Hurricane,Jorge Flores,Bass
lftg-23-2025,LFTG 23 (2025),lftg-23-2025-crossfire-hurricane,Crossfire Hurricane,Sonya Shiller,Guitar
lftg-23-2025,LFTG 23 (2025),lftg-23-2025-marcil-playground,Marcil Playground,Kit Styles,Drums
lftg-23-2025,LFTG 23 (2025),lftg-23-2025-marcil-playground,Marcil Playground,Stephen David Bracewell McLauchlin,Guitar
lftg-23-2025,LFTG 23 (2025),lftg-23-2025-marcil-playground,Marcil Playground,Theo McLauchlin,Guitar
lftg-23-2025,LFTG 23 (2025),lftg-23-2025-mechanically-separated,Mechanically Separated,Chiara Saulgrain,Guitar
lftg-23-2025,LFTG 23 (2025),lftg-23-2025-mechanically-separated,Mechanically Separated,James Stein Webb,Drums
lftg-23-2025,LFTG 23 (2025),lftg-23-2025-mechanically-separated,Mechanically Separated,Leo Rupert,Bass; Vocals
lftg-23-2025,LFTG 23 (2025),lftg-23-2025-mechanically-separated,Mechanically Separated,Lev King,Bass; Vocals
lftg-23-2025,LFTG 23 (2025),lftg-23-2025-mechanically-separated,Mechanically Separated,Mila Putterman,Keyboards; Vocals
lftg-23-2025,LFTG 23 (2025),lftg-23-2025-mechanically-separated,Mechanically Separated,Oscar Johnson,Guitar; Vocals
lftg-23-2025,LFTG 23 (2025),lftg-23-2025-mechanically-separated,Mechanically Separated,Raphael Marques,Guitar
lftg-23-2025,LFTG 23 (2025),lftg-23-2025-mirror-madness,Mirror Madness,Jeffrey Rezzara,Drums
lftg-23-2025,LFTG 23 (2025),lftg-23-2025-mirror-madness,Mirror Madness,Jorge Flores,Vocals
lftg-23-2025,LFTG 23 (2025),lftg-23-2025-mirror-madness,Mirror Madness,Patrick Steverman,Guitar
lftg-23-2025,LFTG 23 (2025),lftg-23-2025-mirror-madness,Mirror Madness,Rachelle Dusablon-Ouellet,Guitar
lftg-23-2025,LFTG 23 (2025),lftg-23-2025-mirror-madness,Mirror Madness,Zoe Provost,Guitar
lftg-23-2025,LFTG 23 (2025),lftg-23-2025-modern-movement,Modern Movement,Jay Blumenstein,Drums
lftg-23-2025,LFTG 23 (2025),lftg-23-2025-modern-movement,Modern Movement,Jordan Bouganim,Guitar
lftg-23-2025,LFTG 23 (2025),lftg-23-2025-modern-movement,Modern Movement,Mario Giulione,Vocals
lftg-23-2025,LFTG 23 (2025),lftg-23-2025-modern-movement,Modern Movement,Ronen Devashi,Guitar
lftg-23-2025,LFTG 23 (2025),lftg-23-2025-off-track,Off Track,James Dahan,Drums
lftg-23-2025,LFTG 23 (2025),lftg-23-2025-off-track,Off Track,Noah Peled-Fostokjian,Guitar; Vocals
lftg-23-2025,LFTG 23 (2025),lftg-23-2025-off-track,Off Track,Raymond Lee,Harmonica
lftg-23-2025,LFTG 23 (2025),lftg-23-2025-off-track,Off Track,Theo Schneider,Bass; Keyboards
lftg-23-2025,LFTG 23 (2025),lftg-23-2025-off-track,Off Track,Vizma Ingelevics,Guitar; Vocals
lftg-23-2025,LFTG 23 (2025),lftg-23-2025-red-hot-chicken-nuggets,Red Hot Chicken Nuggets,Adam Olivera,Keyboards; Vocals
lftg-23-2025,LFTG 23 (2025),lftg-23-2025-red-hot-chicken-nuggets,Red Hot Chicken Nuggets,Alex Guay-Robitaille,Drums
lftg-23-2025,LFTG 23 (2025),lftg-23-2025-red-hot-chicken-nuggets,Red Hot Chicken Nuggets,Juan Olivera,Bass
lftg-23-2025,LFTG 23 (2025),lftg-23-2025-red-hot-chicken-nuggets,Red Hot Chicken Nuggets,Louis Guay-Robitaille,Guitar
lftg-23-2025,LFTG 23 (2025),lftg-23-2025-sarah-elman,Sarah Elman,Sarah Elman,Guitar; Vocals
lftg-23-2025,LFTG 23 (2025),lftg-23-2025-sour-apples,Sour Apples,Daphné Cliche,Vocals
lftg-23-2025,LFTG 23 (2025),lftg-23-2025-sour-apples,Sour Apples,Djuna Johnson,Bass; Guitar
lftg-23-2025,LFTG 23 (2025),lftg-23-2025-sour-apples,Sour Apples,Kit Styles,Drums
lftg-23-2025,LFTG 23 (2025),lftg-23-2025-mental-metal,Mental Metal,Milo Klein,Guitar
lftg-23-2025,LFTG 23 (2025),lftg-23-2025-mental-metal,Mental Metal,Thomas Rolian,Guitar
lftg-23-2025,LFTG 23 (2025),lftg-23-2025-mental-metal,Mental Metal,Thomas Skovsbo,Guitar
lftg-23-2025,LFTG 23 (2025),lftg-23-2025-mental-metal,Mental Metal,Zachary Botbol,Drums
lftg-23-2025,LFTG 23 (2025),lftg-23-2025-the-lost-art,The Lost Art,Henry Rebellati-Mitnick,Drums
lftg-23-2025,LFTG 23 (2025),lftg-23-2025-the-lost-art,The Lost Art,John Bowie,Bass
lftg-23-2025,LFTG 23 (2025),lftg-23-2025-the-lost-art,The Lost Art,Marcel Aulls,Guitar
lftg-23-2025,LFTG 23 (2025),lftg-23-2025-the-lost-art,The Lost Art,Mario Giulione,Vocals
lftg-23-2025,LFTG 23 (2025),lftg-23-2025-the-only-one,The Only One,Carly Leblanc,Vocals
lftg-23-2025,LFTG 23 (2025),lftg-23-2025-the-only-one,The Only One,Harrison Magder,Guitar
lftg-23-2025,LFTG 23 (2025),lftg-23-2025-the-only-one,The Only One,Leo Wolfson,Guitar
lftg-23-2025,LFTG 23 (2025),lftg-23-2025-the-only-one,The Only One,Tomek Shiller,Drums
lftg-23-2025,LFTG 23 (2025),lftg-23-2025-the-wrong,The Wrong,Ethan Botner,Drums
lftg-23-2025,LFTG 23 (2025),lftg-23-2025-the-wrong,The Wrong,Liam Beers,Bass
lftg-23-2025,LFTG 23 (2025),lftg-23-2025-the-wrong,The Wrong,Rapha Davidson,Vocals
lftg-23-2025,LFTG 23 (2025),lftg-23-2025-the-wrong,The Wrong,William McIntyre,Guitar
